clip_id,group_idx,clip_name,event_type,label,similarity,local_text,global_text,prompt,image_paths,answer,cf_mode,cf_prompt,cf_image_paths,cf_answer,cf_prompt_state,cf_prompt_changes
nsbnKlSp,2,IM_7,GOAL,important,0.982138,"He'll be on imminently. Lipped in by Zalanolu, terrific header! Bakayoko's first goal for Milan comes in the derby and gives them hope! What a great header this is from Bakayoko.",He'll be on imminently. Lipped in by Zalanolu. Terrific header. Bakayoko's first goal for Milan. comes in the derby. And gives them hope.,"You are watching a football match. He'll be on imminently. Lipped in by Zalanolu, terrific header! Bakayoko's first goal for Milan comes in the derby and gives them hope! What a great header this is from Bakayoko. Is this a goal? Answer yes or no.",reproducing_code/vlm-circuits-analysis/data/goal/composites/nsbnKlSp/im/2/IM_7.png,yes,random_pair,"You are watching a football match. And it's played back to Mahrez by De Bruyne, booming it in, and it drops for Aguero, hoists it back into the middle. Oh, well, then Mahrez got hold of that. Is this a goal? Answer yes or no.",reproducing_code/vlm-circuits-analysis/data/goal/composites/vXz1jGnl/im/2/IM_3.png,no,random_pair,paired_with:vXz1jGnl__2__IM_3
AmNbkU2m,2,IM_4,GOAL,important,0.880397,"Gundogan. De Bruner finds a clever little apple. Foden, Mahrez, this is really good. Jesus, 2-0. What a move that was by Manchester City. Absolutely gorgeous football.",Gundogan De Bruyne finds a clever little after ball lovely ball Foden Mahrez this is really good Jesus 2-0 what a move that was by Manchester City absolutely gorgeous football,"You are watching a football match. Gundogan. De Bruner finds a clever little apple. Foden, Mahrez, this is really good. Jesus, 2-0. What a move that was by Manchester City. Absolutely gorgeous football. Is this a goal? Answer yes or no.",reproducing_code/vlm-circuits-analysis/data/goal/composites/AmNbkU2m/im/2/IM_4.png,yes,random_pair,You are watching a football match. Pjanic with the cross. Emre Can thought about the overhead. Away by Moncini. That's Pettanya. That's Miss Q. Will Spall make the change now? That's the question. Is this a goal? Answer yes or no.,reproducing_code/vlm-circuits-analysis/data/goal/composites/6uUbMpl6/nim/2/NIM_2.png,no,random_pair,paired_with:6uUbMpl6__2__NIM_2
reYzH7wg,1,IM_7,GOAL,important,0.238571,Short pass.,Murillo. Murillo. Murillo. Murillo. Here's a chance for John. Mario. Parried by Szczesny. Murillo. 1-0 on Clemere Moscow. Approaching the half hour.,You are watching a football match. Short pass. Is this a goal? Answer yes or no.,reproducing_code/vlm-circuits-analysis/data/goal/composites/reYzH7wg/im/1/IM_7.png,yes,random_pair,You are watching a football match. CHIPALO Pcast—. Is this a goal? Answer yes or no.,reproducing_code/vlm-circuits-analysis/data/goal/composites/G6wyC3XE/nim/2/NIM_2.png,no,random_pair,paired_with:G6wyC3XE__2__NIM_2
OziK3ff0,1,IM_10,GOAL,important,0.918909,"In a more of a cheeky way to claim the goal. In step, leaving Drakowski without a hope. He said he wanted to score a goal.","more of a cheeky way to claim the goal. In step, leaving Drakowski without a hope.","You are watching a football match. In a more of a cheeky way to claim the goal. In step, leaving Drakowski without a hope. He said he wanted to score a goal. Is this a goal? Answer yes or no.",reproducing_code/vlm-circuits-analysis/data/goal/composites/OziK3ff0/im/1/IM_10.png,yes,random_pair,"You are watching a football match. This is Rafael Toloi. Kacilic, Gomez, Muriel, have a turn. Gomez can hit it! And it very nearly turned into an own goal from Robin Olsen. Is this a goal? Answer yes or no.",reproducing_code/vlm-circuits-analysis/data/goal/composites/rs1thcel/im/1/IM_7.png,no,random_pair,paired_with:rs1thcel__1__IM_7
xx6GTsEM,2,IM_9,GOAL,important,0.898919,"Scored his last three, including two against Udinese. On this ground. And Morial to bring Atalanta level. Does so. Paul Carman collected another lifeline for Atalanta. And we are all square. We expected goals in this tie. We've got four of them. And there's still 25 minutes to play.",scored his last three including two against udonese on this ground and morial to bring atalanta level and we are all square we expected goals in this tie we've got four of them and there's still 25 minutes to play,"You are watching a football match. Scored his last three, including two against Udinese. On this ground. And Morial to bring Atalanta level. Does so. Paul Carman collected another lifeline for Atalanta. And we are all square. We expected goals in this tie. We've got four of them. And there's still 25 minutes to play. Is this a goal? Answer yes or no.",reproducing_code/vlm-circuits-analysis/data/goal/composites/xx6GTsEM/im/2/IM_9.png,yes,random_pair,You are watching a football match. Van Dijk's arrived in the Napoli box. Milders out to take the corner. Too high for Van Dijk but it's not too high for Lovren! Take it and Lovren for Liverpool! It's his first goal in Europe since he scored the one to beat Borussia Dortmund all those years. Is this a goal? Answer yes or no.,reproducing_code/vlm-circuits-analysis/data/goal/composites/pOf6Wnwt/im/2/IM_10.png,no,random_pair,paired_with:pOf6Wnwt__2__IM_10
UBdITpNb,1,IM_7,GOAL,important,0.998931,"Genk out of nothing could so easily there have been back on level terms. Genk's first corner, they are back on level terms now.",Genk out of nothing could so easily there have been back on level terms. Genk's first corner. They are back on level terms now.,"You are watching a football match. Genk out of nothing could so easily there have been back on level terms. Genk's first corner, they are back on level terms now. Is this a goal? Answer yes or no.",reproducing_code/vlm-circuits-analysis/data/goal/composites/UBdITpNb/im/1/IM_7.png,yes,random_pair,You are watching a football match. Nicely played by him to Aleksandro. It's a waste though from a Juve perspective. It was a waste. He should be hitting the target. Is this a goal? Answer yes or no.,reproducing_code/vlm-circuits-analysis/data/goal/composites/ObsVrY4o/nim/2/NIM_2.png,no,random_pair,paired_with:ObsVrY4o__2__NIM_2
bZhxz4I5,2,IM_3,GOAL,important,0.806091,It's a fine goal. Robin Gosens started it and he finished it.,Auf Gosen's with a good ball in to Ily Check It's a fine goal. Robin Gosens started it and he finished it.,You are watching a football match. It's a fine goal. Robin Gosens started it and he finished it. Is this a goal? Answer yes or no.,reproducing_code/vlm-circuits-analysis/data/goal/composites/bZhxz4I5/im/2/IM_3.png,yes,random_pair,You are watching a football match. That was enough. Marcelino at the corner. On the head of Palacio. Is this a goal? Answer yes or no.,reproducing_code/vlm-circuits-analysis/data/goal/composites/xlO2e2Ra/im/2/IM_6.png,no,random_pair,paired_with:xlO2e2Ra__2__IM_6
bBW7eQ6s,1,IM_2,GOAL,important,0.958105,"They've got the craft and guile to find a way past this Atalanta back line. Here's Alfred Duncan, lovely layoff, oh and it's a goal and it's put away by Berardi for Sassuolo.","They've got the craft and guile to find a way past this Atalanta back line. Here's Alfred Duncan. Lovely layoff. Oh, and it's a goal, and it's put away by Berradi for Sassuolo.","You are watching a football match. They've got the craft and guile to find a way past this Atalanta back line. Here's Alfred Duncan, lovely layoff, oh and it's a goal and it's put away by Berardi for Sassuolo. Is this a goal? Answer yes or no.",reproducing_code/vlm-circuits-analysis/data/goal/composites/bBW7eQ6s/im/1/IM_2.png,yes,random_pair,"You are watching a football match. Callejon with a corner again. It's a good one, Koulibaly! Oh, that's a good save this time by Olsen. He may not always be that pretty, but he's kept his side in it. Is this a goal? Answer yes or no.",reproducing_code/vlm-circuits-analysis/data/goal/composites/06FNvY2s/im/2/IM_6.png,no,random_pair,paired_with:06FNvY2s__2__IM_6
bevos1dM,2,IM_8,GOAL,important,0.885495,"Kometic puts out Hudson-Odoi. Nicely weighted ball to Willian. And it's Christian Pulisic into the danger area, it's in! Well, that's for the quota might have got the final...","Kovacic picks out Hudson-Odoi. Nicely weighted ball to Willian, and it's Christian Toulisic into the danger area, it's in!","You are watching a football match. Kometic puts out Hudson-Odoi. Nicely weighted ball to Willian. And it's Christian Pulisic into the danger area, it's in! Well, that's for the quota might have got the final... Is this a goal? Answer yes or no.",reproducing_code/vlm-circuits-analysis/data/goal/composites/bevos1dM/im/2/IM_8.png,yes,random_pair,"You are watching a football match. With the Roma corner headed out by Babacar. Clivert has run it back here. Clivert, Mkhitaryan, clipped in dangerously and into the back of the net from Edin Dzeko. Is this a goal? Answer yes or no.",reproducing_code/vlm-circuits-analysis/data/goal/composites/E5X6KOII/im/2/IM_4.png,no,random_pair,paired_with:E5X6KOII__2__IM_4
hK46TwNp,1,IM_12,GOAL,important,0.847231,"And that second one, brilliant from Lacazette. It really is. Good pass for Chongen there with that one as well. Wonderful strike to Finlay.",and that second one brilliant from Lacazette it really is goes past for Chongan there with that one as well wonderful strike,"You are watching a football match. And that second one, brilliant from Lacazette. It really is. Good pass for Chongen there with that one as well. Wonderful strike to Finlay. Is this a goal? Answer yes or no.",reproducing_code/vlm-circuits-analysis/data/goal/composites/hK46TwNp/im/1/IM_12.png,yes,random_pair,You are watching a football match. Pjanic with it. Goalkeeper stays back. Goalkeeper stays back. And Ronaldo heads in. Juve's savior. 13 minutes to go. A man down. And there's... Is this a goal? Answer yes or no.,reproducing_code/vlm-circuits-analysis/data/goal/composites/p2XBlEqT/im/2/IM_9.png,no,random_pair,paired_with:p2XBlEqT__2__IM_9
ABcIbvu8,1,IM_4,GOAL,important,0.877990,Lovely layoff for Ozil. Chiarantini once again is on the scene. It's Obamayang. It's blocked by Bertrand. But Lacazette is there. And boy did Arsenal.,lovely layoff Aubameyang for Ozil for Ozil Kieran Tierney once again is on the scene it's Aubameyang it's blocked by Bertrand but Lacazette is there and boy did Arsenal,You are watching a football match. Lovely layoff for Ozil. Chiarantini once again is on the scene. It's Obamayang. It's blocked by Bertrand. But Lacazette is there. And boy did Arsenal. Is this a goal? Answer yes or no.,reproducing_code/vlm-circuits-analysis/data/goal/composites/ABcIbvu8/im/1/IM_4.png,yes,random_pair,"You are watching a football match. Tini. Mendoza, Ozil. Tini. Made room for a lovely cross. So close. So close. Yet so far from Pepe. Well, he's made his presence felt. Is this a goal? Answer yes or no.",reproducing_code/vlm-circuits-analysis/data/goal/composites/ABcIbvu8/im/2/IM_1.png,no,random_pair,paired_with:ABcIbvu8__2__IM_1
G6wyC3XE,1,IM_7,GOAL,important,0.464370,"Andy Robertson manages to pull it back, it's gone all the way across and Neto! Stuns Anfield with an equaliser right on the brink of...","and manages to pull it back, it's gone all the way across, and Nitto!","You are watching a football match. Andy Robertson manages to pull it back, it's gone all the way across and Neto! Stuns Anfield with an equaliser right on the brink of... Is this a goal? Answer yes or no.",reproducing_code/vlm-circuits-analysis/data/goal/composites/G6wyC3XE/im/1/IM_7.png,yes,random_pair,"You are watching a football match. Given some of his heroics of previous seasons, here he comes, Atenanta's very own pocket rocket to try and whip it into the top court. Is this a goal? Answer yes or no.",reproducing_code/vlm-circuits-analysis/data/goal/composites/x2i73QnS/im/2/IM_4.png,no,random_pair,paired_with:x2i73QnS__2__IM_4
GEF9XGeE,1,IM_4,GOAL,important,0.609006,In up! That's a sensational goal!,that's a sensational goal,You are watching a football match. In up! That's a sensational goal! Is this a goal? Answer yes or no.,reproducing_code/vlm-circuits-analysis/data/goal/composites/GEF9XGeE/im/1/IM_4.png,yes,random_pair,You are watching a football match. I used to take a ball. Is this a goal? Answer yes or no.,reproducing_code/vlm-circuits-analysis/data/goal/composites/G6wyC3XE/im/2/IM_1.png,no,random_pair,paired_with:G6wyC3XE__2__IM_1
fN94DUin,2,IM_11,GOAL,important,0.970647,"28 goals between them now this season. 25 of those seeing Serie A. That's Kuchka, oh it's in!",28 goals between them now this season. 25 of those seeing Serie A. That's Kuchka.,"You are watching a football match. 28 goals between them now this season. 25 of those seeing Serie A. That's Kuchka, oh it's in! Is this a goal? Answer yes or no.",reproducing_code/vlm-circuits-analysis/data/goal/composites/fN94DUin/im/2/IM_11.png,yes,random_pair,"You are watching a football match. Malinowski with the corner. Muriel's effort came off Licojani's who clears it towards Simeone, well read by Freuler. Is this a goal? Answer yes or no.",reproducing_code/vlm-circuits-analysis/data/goal/composites/rs1thcel/nim/2/NIM_4.png,no,random_pair,paired_with:rs1thcel__2__NIM_4
4rxwHJn7,2,IM_14,GOAL,important,0.335536,As Diwala delivers! And Dilic makes up.,As Dubal delivers! And De Ligt makes absolutely short.,You are watching a football match. As Diwala delivers! And Dilic makes up. Is this a goal? Answer yes or no.,reproducing_code/vlm-circuits-analysis/data/goal/composites/4rxwHJn7/im/2/IM_14.png,yes,random_pair,You are watching a football match. Allen now with a cross towards Llorent. Is this a goal? Answer yes or no.,reproducing_code/vlm-circuits-analysis/data/goal/composites/06FNvY2s/nim/2/NIM_2.png,no,random_pair,paired_with:06FNvY2s__2__NIM_2
Yo4Xirtq,1,IM_6,GOAL,important,0.749742,"I'll see whether Leno can stop it. Here's the steady run up and a little place into the corner. And it's Mr Corr listening from the penalty spot, Giorginio. It's Chelsea 1, Arsenal 0 and Arsenal down to ten men.","We'll see whether Leno can stop it. Here's the steady run-up. And a little place into the corner. And he's missed a call, isn't he, from the penalty spot, Giorginio.","You are watching a football match. I'll see whether Leno can stop it. Here's the steady run up and a little place into the corner. And it's Mr Corr listening from the penalty spot, Giorginio. It's Chelsea 1, Arsenal 0 and Arsenal down to ten men. Is this a goal? Answer yes or no.",reproducing_code/vlm-circuits-analysis/data/goal/composites/Yo4Xirtq/im/1/IM_6.png,yes,random_pair,"You are watching a football match. Now we're here to hear you, now we're here. Now we're here to hear you, now we're here. Oh, danger from Davidovits. Luis Morial is on to this. A real golden chance. And Luis Morial has spurred it. Confusion abounds. Is this a goal? Answer yes or no.",reproducing_code/vlm-circuits-analysis/data/goal/composites/xx6GTsEM/im/1/IM_1.png,no,random_pair,paired_with:xx6GTsEM__1__IM_1
0jJj5Mme,2,IM_16,GOAL,important,1.000000,This is becoming something very noteworthy. Six goals to nil on the road.,This is becoming something very noteworthy. Six goals to nil on the road.,You are watching a football match. This is becoming something very noteworthy. Six goals to nil on the road. Is this a goal? Answer yes or no.,reproducing_code/vlm-circuits-analysis/data/goal/composites/0jJj5Mme/im/2/IM_16.png,yes,random_pair,You are watching a football match. Riyad Mahrez handy from this range but he's only on the bench today. Is this a goal? Answer yes or no.,reproducing_code/vlm-circuits-analysis/data/goal/composites/ChTFpiaS/nim/1/NIM_2.png,no,random_pair,paired_with:ChTFpiaS__1__NIM_2
l0uNkr78,2,IM_4,GOAL,important,0.796239,Watch the ball end up in the back of the net. Wow.,the ball end up in the back of the net.,You are watching a football match. Watch the ball end up in the back of the net. Wow. Is this a goal? Answer yes or no.,reproducing_code/vlm-circuits-analysis/data/goal/composites/l0uNkr78/im/2/IM_4.png,yes,random_pair,"You are watching a football match. Salah. Tipped in by Henderson, they're lining up at the far first. Is this a goal? Answer yes or no.",reproducing_code/vlm-circuits-analysis/data/goal/composites/OW4kbPoI/im/1/IM_3.png,no,random_pair,paired_with:OW4kbPoI__1__IM_3
ChTFpiaS,1,IM_1,GOAL,important,0.952936,"Romeo, Danny Ings, and Redmond has no one to hit in the middle, has to wait for support, including Armstrong, and it's dropped and Wattrouse pounces. A rare moment of joy in a miserable week for Southampton.",Romeo Danny Ings and Redmond has no one to hit in the middle has to wait for support including Armstrong and it's dropped and Ward Troush pounces a rare moment of joy in a miserable week for Southampton,"You are watching a football match. Romeo, Danny Ings, and Redmond has no one to hit in the middle, has to wait for support, including Armstrong, and it's dropped and Wattrouse pounces. A rare moment of joy in a miserable week for Southampton. Is this a goal? Answer yes or no.",reproducing_code/vlm-circuits-analysis/data/goal/composites/ChTFpiaS/im/1/IM_1.png,yes,random_pair,"You are watching a football match. Even by their own lofty standards of the past, this team is setting new marks. Tuesday's result in Salzburg took care of one issue. Now the concentration switches to the three competitions they're involved in over Christmas. Is this a goal? Answer yes or no.",reproducing_code/vlm-circuits-analysis/data/goal/composites/W0KvTtjG/nim/1/NIM_6.png,no,random_pair,paired_with:W0KvTtjG__1__NIM_6
0jJj5Mme,1,IM_10,GOAL,important,0.976865,A wonderful strike from the edge of the box. Atalanta have been rampant and now they have a second goal to show.,a wonderful strike from the edge of the box Atalanta have been rampant and now they have a second goal to show for it,You are watching a football match. A wonderful strike from the edge of the box. Atalanta have been rampant and now they have a second goal to show. Is this a goal? Answer yes or no.,reproducing_code/vlm-circuits-analysis/data/goal/composites/0jJj5Mme/im/1/IM_10.png,yes,random_pair,"You are watching a football match. Travelled a long way, under, close down, under again, under! Golini parries the ball away, under, Jekyll, no power on the header. Is this a goal? Answer yes or no.",reproducing_code/vlm-circuits-analysis/data/goal/composites/63fde7Re/nim/2/NIM_2.png,no,random_pair,paired_with:63fde7Re__2__NIM_2
UcZVYDFH,2,IM_5,GOAL,important,1.000000,Against Ospina. Rolled into the corner from Andrea Bellotti. He may have missed three of his last four penalties.,Against Ospina. Rolled into the corner from Andrea Bellotti. He may have missed three of his last four penalties.,You are watching a football match. Against Ospina. Rolled into the corner from Andrea Bellotti. He may have missed three of his last four penalties. Is this a goal? Answer yes or no.,reproducing_code/vlm-circuits-analysis/data/goal/composites/UcZVYDFH/im/2/IM_5.png,yes,random_pair,You are watching a football match. And Ronaldo couldn't quite get there in time. Fiorentina hang on by their fingertips. What a save this is. Is this a goal? Answer yes or no.,reproducing_code/vlm-circuits-analysis/data/goal/composites/4rxwHJn7/im/2/IM_2.png,no,random_pair,paired_with:4rxwHJn7__2__IM_2
OziK3ff0,1,IM_1,GOAL,important,0.844092,"It seems it's going to be able to be sustained. This is Cigarini now, looking for the options. A lot of space, but Nyangolam works it through. Oh, yes! Oh, what a goal! Cagliari ripped Fiorentina open. And that is Champions League quality football.",It seems it's going to be able to be sustained. This is Cigarini now. Looking for the options. A lot of space. But Nyangolam works it through. Rob. Oh yes. Oh what a goal. Cagliari ripped Fiorentina open.,"You are watching a football match. It seems it's going to be able to be sustained. This is Cigarini now, looking for the options. A lot of space, but Nyangolam works it through. Oh, yes! Oh, what a goal! Cagliari ripped Fiorentina open. And that is Champions League quality football. Is this a goal? Answer yes or no.",reproducing_code/vlm-circuits-analysis/data/goal/composites/OziK3ff0/im/1/IM_1.png,yes,random_pair,"You are watching a football match. It will be a corner. Some pieces can see plenty of goals last season. It's not a habit that they'll continue this, they've got away with that one. That was the big talk of last season, certainly before Christmas. Marco Silva and Zolo Markin. Is this a goal? Answer yes or no.",reproducing_code/vlm-circuits-analysis/data/goal/composites/EPk1kLq4/nim/2/NIM_1.png,no,random_pair,paired_with:EPk1kLq4__2__NIM_1
pU7DyBbB,1,IM_3,GOAL,important,0.894841,"Lucas Leiva getting forward, Carola gets the first cross in, just follows it up and there's the finish, no chance for the goalkeeper, Gallini. Caicedo does really well for him as well.",Lucas Leva getting forward Pirolo gets the first cross in just follows it up and there's the finish no chance for the goalkeeper Gallini Caicedo does really well for him as well,"You are watching a football match. Lucas Leiva getting forward, Carola gets the first cross in, just follows it up and there's the finish, no chance for the goalkeeper, Gallini. Caicedo does really well for him as well. Is this a goal? Answer yes or no.",reproducing_code/vlm-circuits-analysis/data/goal/composites/pU7DyBbB/im/1/IM_3.png,yes,random_pair,"You are watching a football match. Abata Ferrara, there is return. That's a very poor corner which Spal didn't deal with but tired legs out there. Florenci, hopeful ball into the box. Dzeko the header on. Dumis gathers. Is this a goal? Answer yes or no.",reproducing_code/vlm-circuits-analysis/data/goal/composites/0rkvoaKm/im/2/IM_16.png,no,random_pair,paired_with:0rkvoaKm__2__IM_16
xx6GTsEM,2,IM_13,GOAL,important,0.854898,Alamino. It's a lovely little threat. Jim City! Atalanta has won it at the deck!,Alamino puts it in it's a lovely little threat Jim City Atalanta have won it at the deck,You are watching a football match. Alamino. It's a lovely little threat. Jim City! Atalanta has won it at the deck! Is this a goal? Answer yes or no.,reproducing_code/vlm-circuits-analysis/data/goal/composites/xx6GTsEM/im/2/IM_13.png,yes,random_pair,You are watching a football match. Hard to say where it was going before Pizek Anit dived in front of it. Is this a goal? Answer yes or no.,reproducing_code/vlm-circuits-analysis/data/goal/composites/06FNvY2s/nim/2/NIM_8.png,no,random_pair,paired_with:06FNvY2s__2__NIM_8
nsbnKlSp,1,IM_2,GOAL,important,0.980472,Here's Vecino. Now Perisic looking to float that cross into Martinez. And Vecino hammers it home.,here's Vecino now Perisic looking to float that cross into Martinez and Vecino hammers it home,You are watching a football match. Here's Vecino. Now Perisic looking to float that cross into Martinez. And Vecino hammers it home. Is this a goal? Answer yes or no.,reproducing_code/vlm-circuits-analysis/data/goal/composites/nsbnKlSp/im/1/IM_2.png,yes,random_pair,"You are watching a football match. They're out swinging, corner, a good header by Jim City. Good noise though in the stadium. Is this a goal? Answer yes or no.",reproducing_code/vlm-circuits-analysis/data/goal/composites/Q3ZH0ngC/im/2/IM_7.png,no,random_pair,paired_with:Q3ZH0ngC__2__IM_7
ChTFpiaS,2,IM_11,GOAL,important,0.921123,Foden. Foden. Anchor leader. It's up there for Jesus. It might fall for City. He does. Manchester City find a way through.,Foden Foden anchor leader it's up there for Jesus it might fall for City it does Manchester City find a way through,You are watching a football match. Foden. Foden. Anchor leader. It's up there for Jesus. It might fall for City. He does. Manchester City find a way through. Is this a goal? Answer yes or no.,reproducing_code/vlm-circuits-analysis/data/goal/composites/ChTFpiaS/im/2/IM_11.png,yes,random_pair,"You are watching a football match. Best in the world at that kind of ball, isn't it, Kevin De Broyder? Haselic lost it, chance here for Gabriel Jesus. Is this a goal? Answer yes or no.",reproducing_code/vlm-circuits-analysis/data/goal/composites/Q3ZH0ngC/nim/1/NIM_4.png,no,random_pair,paired_with:Q3ZH0ngC__1__NIM_4
bBW7eQ6s,1,IM_4,GOAL,important,0.960185,"Spots of rain falling from the sky on Zapata. Finally bundles it over the line. It looked as if the chance had gone, but finally he found a way to get the ball over the line.",Spits and spots of rain falling from the sky. And Zapata. Finally bundles it over the line. It looked as if the chance had gone. But finally. He found a way to get the ball over the line.,"You are watching a football match. Spots of rain falling from the sky on Zapata. Finally bundles it over the line. It looked as if the chance had gone, but finally he found a way to get the ball over the line. Is this a goal? Answer yes or no.",reproducing_code/vlm-circuits-analysis/data/goal/composites/bBW7eQ6s/im/1/IM_4.png,yes,random_pair,"You are watching a football match. Gomez whips it into the near post with a flick on, Musso with a brilliant stop. Danger's not over, Zapata trying to bustle his way through. He comes to the corner taker, Gomez. The first time. Is this a goal? Answer yes or no.",reproducing_code/vlm-circuits-analysis/data/goal/composites/6w99xiq5/im/1/IM_2.png,no,random_pair,paired_with:6w99xiq5__1__IM_2
r9gYBR53,1,IM_2,GOAL,important,0.920617,"Hernandez losing out there. Sanabria. Decent run, it's a good ball made. And there's the opening goal. And it's tucked away by Goran Pande.",but Hernandez losing out there. Sanabria. Decent run from Mizra. Good ball made. And there's the opening goal. And it's tucked away by Goran Pandev.,"You are watching a football match. Hernandez losing out there. Sanabria. Decent run, it's a good ball made. And there's the opening goal. And it's tucked away by Goran Pande. Is this a goal? Answer yes or no.",reproducing_code/vlm-circuits-analysis/data/goal/composites/r9gYBR53/im/1/IM_2.png,yes,random_pair,You are watching a football match. Pjanic with it. Goalkeeper stays back. Goalkeeper stays back. And Ronaldo heads in. Juve's savior. 13 minutes to go. A man down. And there's... Is this a goal? Answer yes or no.,reproducing_code/vlm-circuits-analysis/data/goal/composites/p2XBlEqT/im/2/IM_9.png,no,random_pair,paired_with:p2XBlEqT__2__IM_9
ABcIbvu8,1,IM_1,GOAL,important,0.984416,"Ward Prowse, Bertrand, Redmond. It's going to be a free kick in fact. The referee happy for Southampton to take it quickly. It's Danny Ings! And it's a brilliant start for Southampton!",Ward-Prowse. Bertrand. Redmond. It's going to be a free kick in fact. The referee happy for Southampton to take it quickly. It's Danny Ings! And it's a brilliant start for Southampton.,"You are watching a football match. Ward Prowse, Bertrand, Redmond. It's going to be a free kick in fact. The referee happy for Southampton to take it quickly. It's Danny Ings! And it's a brilliant start for Southampton! Is this a goal? Answer yes or no.",reproducing_code/vlm-circuits-analysis/data/goal/composites/ABcIbvu8/im/1/IM_1.png,yes,random_pair,"You are watching a football match. Zapatka is joined by Pazilic, Hatabur. Castagne in the area. Ball swung in at the near post, it's flicked on, and it's still there that nobody can bang it home for Atalanta. Is this a goal? Answer yes or no.",reproducing_code/vlm-circuits-analysis/data/goal/composites/OtQpc975/im/1/IM_2.png,no,random_pair,paired_with:OtQpc975__1__IM_2
IwW928Oa,2,IM_15,GOAL,important,0.996251,"Slides it into the back of the net. City cruising, one of their easiest and best away performances.",Slides it into the back of the net. City cruising. One of their easiest and best away performances.,"You are watching a football match. Slides it into the back of the net. City cruising, one of their easiest and best away performances. Is this a goal? Answer yes or no.",reproducing_code/vlm-circuits-analysis/data/goal/composites/IwW928Oa/im/2/IM_15.png,yes,random_pair,"You are watching a football match. Malinowski with the corner. Muriel's effort came off Licojani's who clears it towards Simeone, well read by Freuler. Is this a goal? Answer yes or no.",reproducing_code/vlm-circuits-analysis/data/goal/composites/rs1thcel/nim/2/NIM_4.png,no,random_pair,paired_with:rs1thcel__2__NIM_4
Ov5idmCk,1,IM_5,GOAL,important,0.571857,Brilliant finish. Ospina beaten by Giacomo Bonaventura. And Milan have the lead at the San Paolo. What a magnificent finish this is.,Brilliant finish. What a magnificent finish this is.,You are watching a football match. Brilliant finish. Ospina beaten by Giacomo Bonaventura. And Milan have the lead at the San Paolo. What a magnificent finish this is. Is this a goal? Answer yes or no.,reproducing_code/vlm-circuits-analysis/data/goal/composites/Ov5idmCk/im/1/IM_5.png,yes,random_pair,"You are watching a football match. Travelled a long way, under, close down, under again, under! Golini parries the ball away, under, Jekyll, no power on the header. Is this a goal? Answer yes or no.",reproducing_code/vlm-circuits-analysis/data/goal/composites/63fde7Re/nim/2/NIM_2.png,no,random_pair,paired_with:63fde7Re__2__NIM_2
4rxwHJn7,2,IM_9,GOAL,important,0.714727,Two up. Chirintina need a hero. And Ronaldo beat Strongovski with ease. Six points will be the margin. As Juve ease into a comfortable lead both here and for now at least in the Serie A.,And he's got a goal. He's got a goal. He's got a goal. He's got a goal. He's got a goal. Six points will be the margin. As Juve ease into a comfortable lead both here and for now at least in the Serie A table.,You are watching a football match. Two up. Chirintina need a hero. And Ronaldo beat Strongovski with ease. Six points will be the margin. As Juve ease into a comfortable lead both here and for now at least in the Serie A. Is this a goal? Answer yes or no.,reproducing_code/vlm-circuits-analysis/data/goal/composites/4rxwHJn7/im/2/IM_9.png,yes,random_pair,"You are watching a football match. Gomez whips it into the near post with a flick on, Musso with a brilliant stop. Danger's not over, Zapata trying to bustle his way through. He comes to the corner taker, Gomez. The first time. Is this a goal? Answer yes or no.",reproducing_code/vlm-circuits-analysis/data/goal/composites/6w99xiq5/im/1/IM_2.png,no,random_pair,paired_with:6w99xiq5__1__IM_2
ABcIbvu8,2,IM_9,GOAL,important,0.873948,Arsenal so unconvincing. Fabien helps it on them. Martinelli now. Can they grab a late equaliser still? They can! It's Lacazette who has put it in.,Arsenal so unconvincing Abambia helps it on them Martinelli now can they grab a late equaliser still they can it's Lacazette who has put it in,You are watching a football match. Arsenal so unconvincing. Fabien helps it on them. Martinelli now. Can they grab a late equaliser still? They can! It's Lacazette who has put it in. Is this a goal? Answer yes or no.,reproducing_code/vlm-circuits-analysis/data/goal/composites/ABcIbvu8/im/2/IM_9.png,yes,random_pair,"You are watching a football match. This is Rafael Toloi. Kacilic, Gomez, Muriel, have a turn. Gomez can hit it! And it very nearly turned into an own goal from Robin Olsen. Is this a goal? Answer yes or no.",reproducing_code/vlm-circuits-analysis/data/goal/composites/rs1thcel/im/1/IM_7.png,no,random_pair,paired_with:rs1thcel__1__IM_7
0jJj5Mme,1,IM_9,GOAL,important,0.748102,"There's the corner, big header out, comes to Kersen! A wonderful strike from the edge of the box.",there's the corner big header out comes to Kurssen a wonderful strike from the edge of the box,"You are watching a football match. There's the corner, big header out, comes to Kersen! A wonderful strike from the edge of the box. Is this a goal? Answer yes or no.",reproducing_code/vlm-circuits-analysis/data/goal/composites/0jJj5Mme/im/1/IM_9.png,yes,random_pair,"You are watching a football match. Malinowski with the corner. Muriel's effort came off Licojani's who clears it towards Simeone, well read by Freuler. Is this a goal? Answer yes or no.",reproducing_code/vlm-circuits-analysis/data/goal/composites/rs1thcel/nim/2/NIM_4.png,no,random_pair,paired_with:rs1thcel__2__NIM_4
ABcIbvu8,2,IM_7,GOAL,important,0.895880,"This is one huge, mighty kick for Southampton. It is James Ward-Prowse who's going to follow up and score after Leno saved. And Ward-Prowse gives Southampton the lead.","This is one huge, mighty kick for Southampton. It is James Ward-Crowse who's going to follow up and score after Laino saves.","You are watching a football match. This is one huge, mighty kick for Southampton. It is James Ward-Prowse who's going to follow up and score after Leno saved. And Ward-Prowse gives Southampton the lead. Is this a goal? Answer yes or no.",reproducing_code/vlm-circuits-analysis/data/goal/composites/ABcIbvu8/im/2/IM_7.png,yes,random_pair,"You are watching a football match. Gomez. Wijnaldum. Holding off the Celso but not. Substitute got a foot in and Spurs could be in here with some! Well, these chances have been so fleeting. Is this a goal? Answer yes or no.",reproducing_code/vlm-circuits-analysis/data/goal/composites/OW4kbPoI/im/2/IM_3.png,no,random_pair,paired_with:OW4kbPoI__2__IM_3
xx6GTsEM,1,IM_6,GOAL,important,0.660927,See. Atalanta have been below par.,". Hataboa into Malinowski on his left, he can hit them! My word, he can hit them! . Atalanta have been below par.",You are watching a football match. See. Atalanta have been below par. Is this a goal? Answer yes or no.,reproducing_code/vlm-circuits-analysis/data/goal/composites/xx6GTsEM/im/1/IM_6.png,yes,random_pair,You are watching a football match. I used to take a ball. Is this a goal? Answer yes or no.,reproducing_code/vlm-circuits-analysis/data/goal/composites/G6wyC3XE/im/2/IM_1.png,no,random_pair,paired_with:G6wyC3XE__2__IM_1
r9gYBR53,1,IM_10,GOAL,important,0.780973,"Good ball, shot as the goal, and then turned in for 2-0 Genoa.",Good ball. Schoena's flick on. And then turned in for 2-0 Genoa.,"You are watching a football match. Good ball, shot as the goal, and then turned in for 2-0 Genoa. Is this a goal? Answer yes or no.",reproducing_code/vlm-circuits-analysis/data/goal/composites/r9gYBR53/im/1/IM_10.png,yes,random_pair,You are watching a football match. Riyad Mahrez handy from this range but he's only on the bench today. Is this a goal? Answer yes or no.,reproducing_code/vlm-circuits-analysis/data/goal/composites/ChTFpiaS/nim/1/NIM_2.png,no,random_pair,paired_with:ChTFpiaS__1__NIM_2
lCaoR3AE,2,IM_13,GOAL,important,0.956878,Play the other next week. It's curiouser and curiouser. Here's Ronaldo. Still trying to make it eight in a row. And Ronaldo grabs a goal back. And maybe it is not finished.,play in the other next week it's curiouser and curiouser here's Ronaldo still trying to make it eight in a row and Ronaldo grabs a goal back and maybe it is not finished,You are watching a football match. Play the other next week. It's curiouser and curiouser. Here's Ronaldo. Still trying to make it eight in a row. And Ronaldo grabs a goal back. And maybe it is not finished. Is this a goal? Answer yes or no.,reproducing_code/vlm-circuits-analysis/data/goal/composites/lCaoR3AE/im/2/IM_13.png,yes,random_pair,"You are watching a football match. Zapatka is joined by Pazilic, Hatabur. Castagne in the area. Ball swung in at the near post, it's flicked on, and it's still there that nobody can bang it home for Atalanta. Is this a goal? Answer yes or no.",reproducing_code/vlm-circuits-analysis/data/goal/composites/OtQpc975/im/1/IM_2.png,no,random_pair,paired_with:OtQpc975__1__IM_2
86u5kz2f,2,IM_11,GOAL,important,0.929933,"It's a really good goal, clinical quality, incisive. And somehow...",it's a really good goal clinical quality incisive and somehow,"You are watching a football match. It's a really good goal, clinical quality, incisive. And somehow... Is this a goal? Answer yes or no.",reproducing_code/vlm-circuits-analysis/data/goal/composites/86u5kz2f/im/2/IM_11.png,yes,random_pair,You are watching a football match. To get Keane a little bit of space. Wrong option. Is this a goal? Answer yes or no.,reproducing_code/vlm-circuits-analysis/data/goal/composites/xpER1kZQ/nim/1/NIM_5.png,no,random_pair,paired_with:xpER1kZQ__1__NIM_5
xx6GTsEM,1,IM_2,GOAL,important,0.774781,"Oh, take it quickly in space with Di Carbone who will fire it beyond Molini. Atalanta switched off and the visitors have the lead. A crazy bit of defending from the home side. They've not been at their best today and now they train.","It's space with Di Carmini who will fire it. beyond Molini, Atalanta switched off and the visitors have the lead.","You are watching a football match. Oh, take it quickly in space with Di Carbone who will fire it beyond Molini. Atalanta switched off and the visitors have the lead. A crazy bit of defending from the home side. They've not been at their best today and now they train. Is this a goal? Answer yes or no.",reproducing_code/vlm-circuits-analysis/data/goal/composites/xx6GTsEM/im/1/IM_2.png,yes,random_pair,"You are watching a football match. It will be a corner. Some pieces can see plenty of goals last season. It's not a habit that they'll continue this, they've got away with that one. That was the big talk of last season, certainly before Christmas. Marco Silva and Zolo Markin. Is this a goal? Answer yes or no.",reproducing_code/vlm-circuits-analysis/data/goal/composites/EPk1kLq4/nim/2/NIM_1.png,no,random_pair,paired_with:EPk1kLq4__2__NIM_1
0jJj5Mme,1,IM_1,GOAL,important,0.768248,So they're getting to the first ball quite often. Look at that for a chance now. Palomino's done well. It's gone all the way through. And he owns the bill again. They don't look at the score.,So they're getting to the first goal quite often. Look at that for a chance now. Palomino's done well. It's gone all the way through. and Yost Bilicic has opened the story.,You are watching a football match. So they're getting to the first ball quite often. Look at that for a chance now. Palomino's done well. It's gone all the way through. And he owns the bill again. They don't look at the score. Is this a goal? Answer yes or no.,reproducing_code/vlm-circuits-analysis/data/goal/composites/0jJj5Mme/im/1/IM_1.png,yes,random_pair,"You are watching a football match. Even by their own lofty standards of the past, this team is setting new marks. Tuesday's result in Salzburg took care of one issue. Now the concentration switches to the three competitions they're involved in over Christmas. Is this a goal? Answer yes or no.",reproducing_code/vlm-circuits-analysis/data/goal/composites/W0KvTtjG/nim/1/NIM_6.png,no,random_pair,paired_with:W0KvTtjG__1__NIM_6
G6wyC3XE,1,IM_5,GOAL,important,0.892398,It's the first. With ambitions of their own to maintain their status as a club to qualify in Europe. They've done well in that competition too. It's held to Mane! But there was a touch on the arm and it's not going to count.,They have to be with ambitions of their own to maintain their status as a club to qualify in Europe. They've done well in that competition too. It's held home to Mane! But there was a touch on the arm and it's not going to count.,You are watching a football match. It's the first. With ambitions of their own to maintain their status as a club to qualify in Europe. They've done well in that competition too. It's held to Mane! But there was a touch on the arm and it's not going to count. Is this a goal? Answer yes or no.,reproducing_code/vlm-circuits-analysis/data/goal/composites/G6wyC3XE/im/1/IM_5.png,yes,random_pair,"You are watching a football match. It will be a corner. Some pieces can see plenty of goals last season. It's not a habit that they'll continue this, they've got away with that one. That was the big talk of last season, certainly before Christmas. Marco Silva and Zolo Markin. Is this a goal? Answer yes or no.",reproducing_code/vlm-circuits-analysis/data/goal/composites/EPk1kLq4/nim/2/NIM_1.png,no,random_pair,paired_with:EPk1kLq4__2__NIM_1
Q3ZH0ngC,2,IM_6,CORNER/THROW-IN,important,1.000000,"Toloi, Jimsiti, Palomino. In goes the corner from Gomez, and flicked on and flicked just wide by Berat Jimsiti. So close to a second Atalanta goal. They're out swinging.","Toloi, Jimsiti, Palomino. In goes the corner from Gomez, and flicked on and flicked just wide by Berat Jimsiti. So close to a second Atalanta goal. They're out swinging.","You are watching a football match. Toloi, Jimsiti, Palomino. In goes the corner from Gomez, and flicked on and flicked just wide by Berat Jimsiti. So close to a second Atalanta goal. They're out swinging. Is this a goal? Answer yes or no.",reproducing_code/vlm-circuits-analysis/data/goal/composites/Q3ZH0ngC/im/2/IM_6.png,no,random_pair,"You are watching a football match. Kometic puts out Hudson-Odoi. Nicely weighted ball to Willian. And it's Christian Pulisic into the danger area, it's in! Well, that's for the quota might have got the final... Is this a goal? Answer yes or no.",reproducing_code/vlm-circuits-analysis/data/goal/composites/bevos1dM/im/2/IM_8.png,yes,random_pair,paired_with:bevos1dM__2__IM_8
E5X6KOII,2,IM_4,CORNER/THROW-IN,important,0.806937,"With the Roma corner headed out by Babacar. Clivert has run it back here. Clivert, Mkhitaryan, clipped in dangerously and into the back of the net from Edin Dzeko.",with the Roma corner headed out by Babacar Kluivert has run it back here Kluivert Mkhitaryan clipped in dangerously and into the back of the net from Edin Dzeko it's been,"You are watching a football match. With the Roma corner headed out by Babacar. Clivert has run it back here. Clivert, Mkhitaryan, clipped in dangerously and into the back of the net from Edin Dzeko. Is this a goal? Answer yes or no.",reproducing_code/vlm-circuits-analysis/data/goal/composites/E5X6KOII/im/2/IM_4.png,no,random_pair,"You are watching a football match. Kometic puts out Hudson-Odoi. Nicely weighted ball to Willian. And it's Christian Pulisic into the danger area, it's in! Well, that's for the quota might have got the final... Is this a goal? Answer yes or no.",reproducing_code/vlm-circuits-analysis/data/goal/composites/bevos1dM/im/2/IM_8.png,yes,random_pair,paired_with:bevos1dM__2__IM_8
G6wyC3XE,2,IM_1,CORNER/THROW-IN,important,0.112814,I used to take a ball.,Denzonka and Wijnaldum again together. Just takes a little nick off him. Come on! Come on! Come on! Come on! Come on!,You are watching a football match. I used to take a ball. Is this a goal? Answer yes or no.,reproducing_code/vlm-circuits-analysis/data/goal/composites/G6wyC3XE/im/2/IM_1.png,no,random_pair,You are watching a football match. See. Atalanta have been below par. Is this a goal? Answer yes or no.,reproducing_code/vlm-circuits-analysis/data/goal/composites/xx6GTsEM/im/1/IM_6.png,yes,random_pair,paired_with:xx6GTsEM__1__IM_6
6LXKpLWN,2,IM_1,CORNER/THROW-IN,important,0.821660,". . Berndeski's corner. Oh, it's a tremendous save there, Ronaldo met it. Skrdupski equal to it. . .","And Deskies corner. Oh, it's a tremendous save that Ronaldo met it. And that Skudupski equal to it. And Baj is marking on the wrong side.","You are watching a football match. . . Berndeski's corner. Oh, it's a tremendous save there, Ronaldo met it. Skrdupski equal to it. . . Is this a goal? Answer yes or no.",reproducing_code/vlm-circuits-analysis/data/goal/composites/6LXKpLWN/im/2/IM_1.png,no,random_pair,You are watching a football match. Against Ospina. Rolled into the corner from Andrea Bellotti. He may have missed three of his last four penalties. Is this a goal? Answer yes or no.,reproducing_code/vlm-circuits-analysis/data/goal/composites/UcZVYDFH/im/2/IM_5.png,yes,random_pair,paired_with:UcZVYDFH__2__IM_5
0rkvoaKm,2,IM_16,CORNER/THROW-IN,important,0.608726,"Abata Ferrara, there is return. That's a very poor corner which Spal didn't deal with but tired legs out there. Florenci, hopeful ball into the box. Dzeko the header on. Dumis gathers.","Florenzi. Hopeful ball into the box. Dzeko the header on. Dumis. Gathers. Bye. Cool! teams, predstSco. Tired legs out there. Florenzi. Fightful ball into the box. Dzeko the header on. Dumis... gathers. Smo! talkin.","You are watching a football match. Abata Ferrara, there is return. That's a very poor corner which Spal didn't deal with but tired legs out there. Florenci, hopeful ball into the box. Dzeko the header on. Dumis gathers. Is this a goal? Answer yes or no.",reproducing_code/vlm-circuits-analysis/data/goal/composites/0rkvoaKm/im/2/IM_16.png,no,random_pair,"You are watching a football match. Ward Prowse, Bertrand, Redmond. It's going to be a free kick in fact. The referee happy for Southampton to take it quickly. It's Danny Ings! And it's a brilliant start for Southampton! Is this a goal? Answer yes or no.",reproducing_code/vlm-circuits-analysis/data/goal/composites/ABcIbvu8/im/1/IM_1.png,yes,random_pair,paired_with:ABcIbvu8__1__IM_1
06FNvY2s,2,IM_6,CORNER/THROW-IN,important,0.787937,"Callejon with a corner again. It's a good one, Koulibaly! Oh, that's a good save this time by Olsen. He may not always be that pretty, but he's kept his side in it.",Kihon Kihon with a corner again it's a good one Koulibaly oh that's a good save this time by Olsen well he may not always be that pretty but he's kept his side in it,"You are watching a football match. Callejon with a corner again. It's a good one, Koulibaly! Oh, that's a good save this time by Olsen. He may not always be that pretty, but he's kept his side in it. Is this a goal? Answer yes or no.",reproducing_code/vlm-circuits-analysis/data/goal/composites/06FNvY2s/im/2/IM_6.png,no,random_pair,"You are watching a football match. They've got the craft and guile to find a way past this Atalanta back line. Here's Alfred Duncan, lovely layoff, oh and it's a goal and it's put away by Berardi for Sassuolo. Is this a goal? Answer yes or no.",reproducing_code/vlm-circuits-analysis/data/goal/composites/bBW7eQ6s/im/1/IM_2.png,yes,random_pair,paired_with:bBW7eQ6s__1__IM_2
xpER1kZQ,1,IM_5,CORNER/THROW-IN,important,0.955000,"They have spread chips across the board so to speak. Far post is Basham and the centre is O'Connell. Pickford can't get it there! First corner, first goal! But the referee...","They have spread the chips across the board so to speak Far post is Basham In the centre is O'Connell Pickford come and go there First corner, first goal The referee","You are watching a football match. They have spread chips across the board so to speak. Far post is Basham and the centre is O'Connell. Pickford can't get it there! First corner, first goal! But the referee... Is this a goal? Answer yes or no.",reproducing_code/vlm-circuits-analysis/data/goal/composites/xpER1kZQ/im/1/IM_5.png,no,random_pair,"You are watching a football match. He'll be on imminently. Lipped in by Zalanolu, terrific header! Bakayoko's first goal for Milan comes in the derby and gives them hope! What a great header this is from Bakayoko. Is this a goal? Answer yes or no.",reproducing_code/vlm-circuits-analysis/data/goal/composites/nsbnKlSp/im/2/IM_7.png,yes,random_pair,paired_with:nsbnKlSp__2__IM_7
6w99xiq5,1,IM_2,CORNER/THROW-IN,important,0.960765,"Gomez whips it into the near post with a flick on, Musso with a brilliant stop. Danger's not over, Zapata trying to bustle his way through. He comes to the corner taker, Gomez. The first time.",Gomez whips it into the near post with a flick on Musso with a brilliant stop danger's not over Zapata trying to bustle his way through he comes to the corner taker Gomez the first time,"You are watching a football match. Gomez whips it into the near post with a flick on, Musso with a brilliant stop. Danger's not over, Zapata trying to bustle his way through. He comes to the corner taker, Gomez. The first time. Is this a goal? Answer yes or no.",reproducing_code/vlm-circuits-analysis/data/goal/composites/6w99xiq5/im/1/IM_2.png,no,random_pair,You are watching a football match. Two up. Chirintina need a hero. And Ronaldo beat Strongovski with ease. Six points will be the margin. As Juve ease into a comfortable lead both here and for now at least in the Serie A. Is this a goal? Answer yes or no.,reproducing_code/vlm-circuits-analysis/data/goal/composites/4rxwHJn7/im/2/IM_9.png,yes,random_pair,paired_with:4rxwHJn7__2__IM_9
p2XBlEqT,2,IM_9,CORNER/THROW-IN,important,0.955485,Pjanic with it. Goalkeeper stays back. Goalkeeper stays back. And Ronaldo heads in. Juve's savior. 13 minutes to go. A man down. And there's...,"Pjanic with it, goalkeeper stays back, goalkeeper stays back and Ronaldo heads in! Juve's savior! 13 minutes to go, a man down and there's the man they turn to!",You are watching a football match. Pjanic with it. Goalkeeper stays back. Goalkeeper stays back. And Ronaldo heads in. Juve's savior. 13 minutes to go. A man down. And there's... Is this a goal? Answer yes or no.,reproducing_code/vlm-circuits-analysis/data/goal/composites/p2XBlEqT/im/2/IM_9.png,no,random_pair,"You are watching a football match. Hernandez losing out there. Sanabria. Decent run, it's a good ball made. And there's the opening goal. And it's tucked away by Goran Pande. Is this a goal? Answer yes or no.",reproducing_code/vlm-circuits-analysis/data/goal/composites/r9gYBR53/im/1/IM_2.png,yes,random_pair,paired_with:r9gYBR53__1__IM_2
Q3ZH0ngC,2,IM_7,CORNER/THROW-IN,important,0.816757,"They're out swinging, corner, a good header by Jim City. Good noise though in the stadium.","They're out swinging. Corner, a good header by Jimsiti.","You are watching a football match. They're out swinging, corner, a good header by Jim City. Good noise though in the stadium. Is this a goal? Answer yes or no.",reproducing_code/vlm-circuits-analysis/data/goal/composites/Q3ZH0ngC/im/2/IM_7.png,no,random_pair,You are watching a football match. Here's Vecino. Now Perisic looking to float that cross into Martinez. And Vecino hammers it home. Is this a goal? Answer yes or no.,reproducing_code/vlm-circuits-analysis/data/goal/composites/nsbnKlSp/im/1/IM_2.png,yes,random_pair,paired_with:nsbnKlSp__1__IM_2
pOf6Wnwt,2,IM_10,CORNER/THROW-IN,important,0.986449,Van Dijk's arrived in the Napoli box. Milders out to take the corner. Too high for Van Dijk but it's not too high for Lovren! Take it and Lovren for Liverpool! It's his first goal in Europe since he scored the one to beat Borussia Dortmund all those years.,"Van Dijk's arrived in the Napoli box, Milders out to take the corner. Too high for Van Dijk, but it's not too high for Lovren! Dejan Lovren for Liverpool! It's his first goal in Europe since he scored the one to be Borussia Dortmund all those years ago.",You are watching a football match. Van Dijk's arrived in the Napoli box. Milders out to take the corner. Too high for Van Dijk but it's not too high for Lovren! Take it and Lovren for Liverpool! It's his first goal in Europe since he scored the one to beat Borussia Dortmund all those years. Is this a goal? Answer yes or no.,reproducing_code/vlm-circuits-analysis/data/goal/composites/pOf6Wnwt/im/2/IM_10.png,no,random_pair,"You are watching a football match. Scored his last three, including two against Udinese. On this ground. And Morial to bring Atalanta level. Does so. Paul Carman collected another lifeline for Atalanta. And we are all square. We expected goals in this tie. We've got four of them. And there's still 25 minutes to play. Is this a goal? Answer yes or no.",reproducing_code/vlm-circuits-analysis/data/goal/composites/xx6GTsEM/im/2/IM_9.png,yes,random_pair,paired_with:xx6GTsEM__2__IM_9
vXz1jGnl,2,IM_3,CORNER/THROW-IN,important,0.872518,"And it's played back to Mahrez by De Bruyne, booming it in, and it drops for Aguero, hoists it back into the middle. Oh, well, then Mahrez got hold of that.",And the way back To Mahrez By De Bruyne Booming it in And it drops for Aguero Moist it back into the middle Oh Oh Well And then Mahrez got hold of that,"You are watching a football match. And it's played back to Mahrez by De Bruyne, booming it in, and it drops for Aguero, hoists it back into the middle. Oh, well, then Mahrez got hold of that. Is this a goal? Answer yes or no.",reproducing_code/vlm-circuits-analysis/data/goal/composites/vXz1jGnl/im/2/IM_3.png,no,random_pair,"You are watching a football match. He'll be on imminently. Lipped in by Zalanolu, terrific header! Bakayoko's first goal for Milan comes in the derby and gives them hope! What a great header this is from Bakayoko. Is this a goal? Answer yes or no.",reproducing_code/vlm-circuits-analysis/data/goal/composites/nsbnKlSp/im/2/IM_7.png,yes,random_pair,paired_with:nsbnKlSp__2__IM_7
xlO2e2Ra,2,IM_6,CORNER/THROW-IN,important,0.808803,That was enough. Marcelino at the corner. On the head of Palacio.,that was enough Rossellini with a corner on the header from Palacio but,You are watching a football match. That was enough. Marcelino at the corner. On the head of Palacio. Is this a goal? Answer yes or no.,reproducing_code/vlm-circuits-analysis/data/goal/composites/xlO2e2Ra/im/2/IM_6.png,no,random_pair,You are watching a football match. Watch the ball end up in the back of the net. Wow. Is this a goal? Answer yes or no.,reproducing_code/vlm-circuits-analysis/data/goal/composites/l0uNkr78/im/2/IM_4.png,yes,random_pair,paired_with:l0uNkr78__2__IM_4
06FNvY2s,2,IM_1,CORNER/THROW-IN,important,0.831129,"Cajon whips it in again, down the middle, it's at the far post, nobody could reach it. The initial header from Di Lorenzo and it was just beyond Merton.","Kejon whips it in again. Down the middle, it's at the far post. Nobody could reach it. The initial header from Di Lorenzo,","You are watching a football match. Cajon whips it in again, down the middle, it's at the far post, nobody could reach it. The initial header from Di Lorenzo and it was just beyond Merton. Is this a goal? Answer yes or no.",reproducing_code/vlm-circuits-analysis/data/goal/composites/06FNvY2s/im/2/IM_1.png,no,random_pair,"You are watching a football match. Kometic puts out Hudson-Odoi. Nicely weighted ball to Willian. And it's Christian Pulisic into the danger area, it's in! Well, that's for the quota might have got the final... Is this a goal? Answer yes or no.",reproducing_code/vlm-circuits-analysis/data/goal/composites/bevos1dM/im/2/IM_8.png,yes,random_pair,paired_with:bevos1dM__2__IM_8
xx6GTsEM,1,IM_1,SHOT-ON-TARGET,important,0.550030,"Now we're here to hear you, now we're here. Now we're here to hear you, now we're here. Oh, danger from Davidovits. Luis Morial is on to this. A real golden chance. And Luis Morial has spurred it. Confusion abounds.",danger from Davidovic Louis Morial is on to this a real golden chance and Louis Morial has spurred it confusion abounds,"You are watching a football match. Now we're here to hear you, now we're here. Now we're here to hear you, now we're here. Oh, danger from Davidovits. Luis Morial is on to this. A real golden chance. And Luis Morial has spurred it. Confusion abounds. Is this a goal? Answer yes or no.",reproducing_code/vlm-circuits-analysis/data/goal/composites/xx6GTsEM/im/1/IM_1.png,no,random_pair,"You are watching a football match. I'll see whether Leno can stop it. Here's the steady run up and a little place into the corner. And it's Mr Corr listening from the penalty spot, Giorginio. It's Chelsea 1, Arsenal 0 and Arsenal down to ten men. Is this a goal? Answer yes or no.",reproducing_code/vlm-circuits-analysis/data/goal/composites/Yo4Xirtq/im/1/IM_6.png,yes,random_pair,paired_with:Yo4Xirtq__1__IM_6
ChTFpiaS,2,IM_7,SHOT-ON-TARGET,important,0.906302,So Karl Walker will try. He finds Sterling. He's tiptoeing his way round. And it's Bernardo Silva! Alex McCarthy sees it up and over.,so Kyle Walker will try he finds Sterling he is tiptoeing his way round and it's Bernardo Silva Alex McCarthy sees it up and over,You are watching a football match. So Karl Walker will try. He finds Sterling. He's tiptoeing his way round. And it's Bernardo Silva! Alex McCarthy sees it up and over. Is this a goal? Answer yes or no.,reproducing_code/vlm-circuits-analysis/data/goal/composites/ChTFpiaS/im/2/IM_7.png,no,random_pair,"You are watching a football match. And that second one, brilliant from Lacazette. It really is. Good pass for Chongen there with that one as well. Wonderful strike to Finlay. Is this a goal? Answer yes or no.",reproducing_code/vlm-circuits-analysis/data/goal/composites/hK46TwNp/im/1/IM_12.png,yes,random_pair,paired_with:hK46TwNp__1__IM_12
G6wyC3XE,2,IM_4,SHOT-ON-TARGET,important,1.000000,But certainly this time it's the goalkeeper who saves Virgil van Dijk. Far too casual.,But certainly this time it's the goalkeeper who saves Virgil van Dijk. Far too casual.,You are watching a football match. But certainly this time it's the goalkeeper who saves Virgil van Dijk. Far too casual. Is this a goal? Answer yes or no.,reproducing_code/vlm-circuits-analysis/data/goal/composites/G6wyC3XE/im/2/IM_4.png,no,random_pair,You are watching a football match. Alamino. It's a lovely little threat. Jim City! Atalanta has won it at the deck! Is this a goal? Answer yes or no.,reproducing_code/vlm-circuits-analysis/data/goal/composites/xx6GTsEM/im/2/IM_13.png,yes,random_pair,paired_with:xx6GTsEM__2__IM_13
ABcIbvu8,2,IM_1,SHOT-ON-TARGET,important,0.186679,"Tini. Mendoza, Ozil. Tini. Made room for a lovely cross. So close. So close. Yet so far from Pepe. Well, he's made his presence felt.",Te,"You are watching a football match. Tini. Mendoza, Ozil. Tini. Made room for a lovely cross. So close. So close. Yet so far from Pepe. Well, he's made his presence felt. Is this a goal? Answer yes or no.",reproducing_code/vlm-circuits-analysis/data/goal/composites/ABcIbvu8/im/2/IM_1.png,no,random_pair,"You are watching a football match. Andy Robertson manages to pull it back, it's gone all the way across and Neto! Stuns Anfield with an equaliser right on the brink of... Is this a goal? Answer yes or no.",reproducing_code/vlm-circuits-analysis/data/goal/composites/G6wyC3XE/im/1/IM_7.png,yes,random_pair,paired_with:G6wyC3XE__1__IM_7
x2i73QnS,2,IM_4,SHOT-ON-TARGET,important,0.674894,"Given some of his heroics of previous seasons, here he comes, Atenanta's very own pocket rocket to try and whip it into the top court.","in this campaign, given some of his heroics of previous seasons. Here he comes, Atalanta's very own pocket rocket to try and whip it into the top corner,","You are watching a football match. Given some of his heroics of previous seasons, here he comes, Atenanta's very own pocket rocket to try and whip it into the top court. Is this a goal? Answer yes or no.",reproducing_code/vlm-circuits-analysis/data/goal/composites/x2i73QnS/im/2/IM_4.png,no,random_pair,You are watching a football match. Lovely layoff for Ozil. Chiarantini once again is on the scene. It's Obamayang. It's blocked by Bertrand. But Lacazette is there. And boy did Arsenal. Is this a goal? Answer yes or no.,reproducing_code/vlm-circuits-analysis/data/goal/composites/ABcIbvu8/im/1/IM_4.png,yes,random_pair,paired_with:ABcIbvu8__1__IM_4
OtQpc975,2,IM_9,SHOT-ON-TARGET,important,0.782012,The effort cruelly denied by the woodwork.,the effort cruelly denied by the woodwork pizekane,You are watching a football match. The effort cruelly denied by the woodwork. Is this a goal? Answer yes or no.,reproducing_code/vlm-circuits-analysis/data/goal/composites/OtQpc975/im/2/IM_9.png,no,random_pair,You are watching a football match. As Diwala delivers! And Dilic makes up. Is this a goal? Answer yes or no.,reproducing_code/vlm-circuits-analysis/data/goal/composites/4rxwHJn7/im/2/IM_14.png,yes,random_pair,paired_with:4rxwHJn7__2__IM_14
OtQpc975,1,IM_2,SHOT-ON-TARGET,important,0.901832,"Zapatka is joined by Pazilic, Hatabur. Castagne in the area. Ball swung in at the near post, it's flicked on, and it's still there that nobody can bang it home for Atalanta.","Zapatah is joined by Pazalec Hattaboor. Castagne in the area. Ball swung in at the near post, it's flicked on, and it's still there! But nobody can bang it home for Atalanta.","You are watching a football match. Zapatka is joined by Pazilic, Hatabur. Castagne in the area. Ball swung in at the near post, it's flicked on, and it's still there that nobody can bang it home for Atalanta. Is this a goal? Answer yes or no.",reproducing_code/vlm-circuits-analysis/data/goal/composites/OtQpc975/im/1/IM_2.png,no,random_pair,"You are watching a football match. Ward Prowse, Bertrand, Redmond. It's going to be a free kick in fact. The referee happy for Southampton to take it quickly. It's Danny Ings! And it's a brilliant start for Southampton! Is this a goal? Answer yes or no.",reproducing_code/vlm-circuits-analysis/data/goal/composites/ABcIbvu8/im/1/IM_1.png,yes,random_pair,paired_with:ABcIbvu8__1__IM_1
4rxwHJn7,2,IM_1,SHOT-ON-TARGET,important,0.459207,"Now Blavic. Benessi! For all the world, it looked like it was...",Now a Signore. Now a Signore. Now a Signore. Now a Signore. Uh! Now a Signore. Now Blavic. Now Blavic. Now Blavic.,"You are watching a football match. Now Blavic. Benessi! For all the world, it looked like it was... Is this a goal? Answer yes or no.",reproducing_code/vlm-circuits-analysis/data/goal/composites/4rxwHJn7/im/2/IM_1.png,no,random_pair,You are watching a football match. Watch the ball end up in the back of the net. Wow. Is this a goal? Answer yes or no.,reproducing_code/vlm-circuits-analysis/data/goal/composites/l0uNkr78/im/2/IM_4.png,yes,random_pair,paired_with:l0uNkr78__2__IM_4
4rxwHJn7,2,IM_2,SHOT-ON-TARGET,important,0.697723,And Ronaldo couldn't quite get there in time. Fiorentina hang on by their fingertips. What a save this is.,"Metancur, now Douglas Costa. Lovely sway of the hips to kick out the pass for Higuain. And Ronaldo couldn't quite get there in time. Fiorentina hang on by their fingertips. What a save this is.",You are watching a football match. And Ronaldo couldn't quite get there in time. Fiorentina hang on by their fingertips. What a save this is. Is this a goal? Answer yes or no.,reproducing_code/vlm-circuits-analysis/data/goal/composites/4rxwHJn7/im/2/IM_2.png,no,random_pair,You are watching a football match. Against Ospina. Rolled into the corner from Andrea Bellotti. He may have missed three of his last four penalties. Is this a goal? Answer yes or no.,reproducing_code/vlm-circuits-analysis/data/goal/composites/UcZVYDFH/im/2/IM_5.png,yes,random_pair,paired_with:UcZVYDFH__2__IM_5
G6wyC3XE,1,IM_3,SHOT-ON-TARGET,important,0.744820,Here's Henderson. Molino finds Alexander-Arnold. It's in to Sadio Mane who's on the turn. Patricio scrambling across his goal.,He's got a good point. He's got a good point. Here's Henderson. He's got a good point. He's got a good point. Firmino finds Alexander-Arnold. A roll by Firmino but not too far. It's into Sadio Mane who's on the turn. He's got Rui Patricio scrambling across his goal.,You are watching a football match. Here's Henderson. Molino finds Alexander-Arnold. It's in to Sadio Mane who's on the turn. Patricio scrambling across his goal. Is this a goal? Answer yes or no.,reproducing_code/vlm-circuits-analysis/data/goal/composites/G6wyC3XE/im/1/IM_3.png,no,random_pair,You are watching a football match. Against Ospina. Rolled into the corner from Andrea Bellotti. He may have missed three of his last four penalties. Is this a goal? Answer yes or no.,reproducing_code/vlm-circuits-analysis/data/goal/composites/UcZVYDFH/im/2/IM_5.png,yes,random_pair,paired_with:UcZVYDFH__2__IM_5
rs1thcel,1,IM_7,SHOT-ON-TARGET,important,0.787460,"This is Rafael Toloi. Kacilic, Gomez, Muriel, have a turn. Gomez can hit it! And it very nearly turned into an own goal from Robin Olsen.",And there aren't too many in Europe Castagne This is Rafael Toloi Kasalic Gomez Muriel have a turn Gomez can hit it And it very nearly turned into an own goal from Robin Olsen,"You are watching a football match. This is Rafael Toloi. Kacilic, Gomez, Muriel, have a turn. Gomez can hit it! And it very nearly turned into an own goal from Robin Olsen. Is this a goal? Answer yes or no.",reproducing_code/vlm-circuits-analysis/data/goal/composites/rs1thcel/im/1/IM_7.png,no,random_pair,You are watching a football match. Arsenal so unconvincing. Fabien helps it on them. Martinelli now. Can they grab a late equaliser still? They can! It's Lacazette who has put it in. Is this a goal? Answer yes or no.,reproducing_code/vlm-circuits-analysis/data/goal/composites/ABcIbvu8/im/2/IM_9.png,yes,random_pair,paired_with:ABcIbvu8__2__IM_9
OW4kbPoI,1,IM_3,SHOT-ON-TARGET,important,0.468970,"Salah. Tipped in by Henderson, they're lining up at the far first.",Salah.,"You are watching a football match. Salah. Tipped in by Henderson, they're lining up at the far first. Is this a goal? Answer yes or no.",reproducing_code/vlm-circuits-analysis/data/goal/composites/OW4kbPoI/im/1/IM_3.png,no,random_pair,You are watching a football match. It's a fine goal. Robin Gosens started it and he finished it. Is this a goal? Answer yes or no.,reproducing_code/vlm-circuits-analysis/data/goal/composites/bZhxz4I5/im/2/IM_3.png,yes,random_pair,paired_with:bZhxz4I5__2__IM_3
OW4kbPoI,2,IM_3,SHOT-ON-TARGET,important,0.893537,"Gomez. Wijnaldum. Holding off the Celso but not. Substitute got a foot in and Spurs could be in here with some! Well, these chances have been so fleeting.",gomez right now the celso but not substitute got a foot in and spurs could be in here with some of the,"You are watching a football match. Gomez. Wijnaldum. Holding off the Celso but not. Substitute got a foot in and Spurs could be in here with some! Well, these chances have been so fleeting. Is this a goal? Answer yes or no.",reproducing_code/vlm-circuits-analysis/data/goal/composites/OW4kbPoI/im/2/IM_3.png,no,random_pair,"You are watching a football match. This is one huge, mighty kick for Southampton. It is James Ward-Prowse who's going to follow up and score after Leno saved. And Ward-Prowse gives Southampton the lead. Is this a goal? Answer yes or no.",reproducing_code/vlm-circuits-analysis/data/goal/composites/ABcIbvu8/im/2/IM_7.png,yes,random_pair,paired_with:ABcIbvu8__2__IM_7
G6wyC3XE,2,NIM_2,CORNER/THROW-IN,not_important,0.126152,CHIPALO Pcast—,"in wanting to draw a man who... could not trust... don Türk Anyway,特別 de pretzio... tri Тамра no kжin gund a�ה...",You are watching a football match. CHIPALO Pcast—. Is this a goal? Answer yes or no.,reproducing_code/vlm-circuits-analysis/data/goal/composites/G6wyC3XE/nim/2/NIM_2.png,no,random_pair,You are watching a football match. Short pass. Is this a goal? Answer yes or no.,reproducing_code/vlm-circuits-analysis/data/goal/composites/reYzH7wg/im/1/IM_7.png,yes,random_pair,paired_with:reYzH7wg__1__IM_7
xpER1kZQ,2,NIM_10,CORNER/THROW-IN,not_important,0.983750,Don't get too out to the ball quickly enough here Sheffield. Dean did really well to get himself to the byline. Dean Henderson may have done better front post.,"Don't get two out to the ball quickly enough here, Sheffield. Dean did really well to get himself to the byline. Dean Henderson may have done better front post.",You are watching a football match. Don't get too out to the ball quickly enough here Sheffield. Dean did really well to get himself to the byline. Dean Henderson may have done better front post. Is this a goal? Answer yes or no.,reproducing_code/vlm-circuits-analysis/data/goal/composites/xpER1kZQ/nim/2/NIM_10.png,no,random_pair,"You are watching a football match. Kometic puts out Hudson-Odoi. Nicely weighted ball to Willian. And it's Christian Pulisic into the danger area, it's in! Well, that's for the quota might have got the final... Is this a goal? Answer yes or no.",reproducing_code/vlm-circuits-analysis/data/goal/composites/bevos1dM/im/2/IM_8.png,yes,random_pair,paired_with:bevos1dM__2__IM_8
EPk1kLq4,2,NIM_1,CORNER/THROW-IN,not_important,0.899188,"It will be a corner. Some pieces can see plenty of goals last season. It's not a habit that they'll continue this, they've got away with that one. That was the big talk of last season, certainly before Christmas. Marco Silva and Zolo Markin.",It will be a corner. Some pieces. Dead Seatham can see plenty of goals last season. That's not a habit that they'll continue this. They've got away with that one. That was the big talk of last season. Certainly before Christmas. Marco Silva and Zonal Markin.,"You are watching a football match. It will be a corner. Some pieces can see plenty of goals last season. It's not a habit that they'll continue this, they've got away with that one. That was the big talk of last season, certainly before Christmas. Marco Silva and Zolo Markin. Is this a goal? Answer yes or no.",reproducing_code/vlm-circuits-analysis/data/goal/composites/EPk1kLq4/nim/2/NIM_1.png,no,random_pair,"You are watching a football match. It seems it's going to be able to be sustained. This is Cigarini now, looking for the options. A lot of space, but Nyangolam works it through. Oh, yes! Oh, what a goal! Cagliari ripped Fiorentina open. And that is Champions League quality football. Is this a goal? Answer yes or no.",reproducing_code/vlm-circuits-analysis/data/goal/composites/OziK3ff0/im/1/IM_1.png,yes,random_pair,paired_with:OziK3ff0__1__IM_1
rs1thcel,2,NIM_4,CORNER/THROW-IN,not_important,0.710993,"Malinowski with the corner. Muriel's effort came off Licojani's who clears it towards Simeone, well read by Freuler.",to play Malinowski with the corner Muriel's effort came off Licoianis,"You are watching a football match. Malinowski with the corner. Muriel's effort came off Licojani's who clears it towards Simeone, well read by Freuler. Is this a goal? Answer yes or no.",reproducing_code/vlm-circuits-analysis/data/goal/composites/rs1thcel/nim/2/NIM_4.png,no,random_pair,"You are watching a football match. There's the corner, big header out, comes to Kersen! A wonderful strike from the edge of the box. Is this a goal? Answer yes or no.",reproducing_code/vlm-circuits-analysis/data/goal/composites/0jJj5Mme/im/1/IM_9.png,yes,random_pair,paired_with:0jJj5Mme__1__IM_9
6uUbMpl6,2,NIM_2,CORNER/THROW-IN,not_important,0.775976,Pjanic with the cross. Emre Can thought about the overhead. Away by Moncini. That's Pettanya. That's Miss Q. Will Spall make the change now? That's the question.,Pjanic with the cross Emre Chan thought about the other head way by Moncini that's Petana that's Miss Q,You are watching a football match. Pjanic with the cross. Emre Can thought about the overhead. Away by Moncini. That's Pettanya. That's Miss Q. Will Spall make the change now? That's the question. Is this a goal? Answer yes or no.,reproducing_code/vlm-circuits-analysis/data/goal/composites/6uUbMpl6/nim/2/NIM_2.png,no,random_pair,"You are watching a football match. Gundogan. De Bruner finds a clever little apple. Foden, Mahrez, this is really good. Jesus, 2-0. What a move that was by Manchester City. Absolutely gorgeous football. Is this a goal? Answer yes or no.",reproducing_code/vlm-circuits-analysis/data/goal/composites/AmNbkU2m/im/2/IM_4.png,yes,random_pair,paired_with:AmNbkU2m__2__IM_4
tE2Jn2J8,2,NIM_14,CORNER/THROW-IN,not_important,0.660007,Is it going to be late heartbreak for Lecce? Betlawdeski with the corner.,Is it going to be a late heartbreak for Necce? Berladescu with the corner.,You are watching a football match. Is it going to be late heartbreak for Lecce? Betlawdeski with the corner. Is this a goal? Answer yes or no.,reproducing_code/vlm-circuits-analysis/data/goal/composites/tE2Jn2J8/nim/2/NIM_14.png,no,random_pair,"You are watching a football match. Good ball, shot as the goal, and then turned in for 2-0 Genoa. Is this a goal? Answer yes or no.",reproducing_code/vlm-circuits-analysis/data/goal/composites/r9gYBR53/im/1/IM_10.png,yes,random_pair,paired_with:r9gYBR53__1__IM_10
ULTDmEW6,2,NIM_1,CORNER/THROW-IN,not_important,0.718227,"West Ham can profit from the corner, moving towards the final minute of the 90. Snodgrass with the delay.",can profit from the corner moving towards the final minute of the 90 Snodgrass with the delivery,"You are watching a football match. West Ham can profit from the corner, moving towards the final minute of the 90. Snodgrass with the delay. Is this a goal? Answer yes or no.",reproducing_code/vlm-circuits-analysis/data/goal/composites/ULTDmEW6/nim/2/NIM_1.png,no,random_pair,You are watching a football match. Against Ospina. Rolled into the corner from Andrea Bellotti. He may have missed three of his last four penalties. Is this a goal? Answer yes or no.,reproducing_code/vlm-circuits-analysis/data/goal/composites/UcZVYDFH/im/2/IM_5.png,yes,random_pair,paired_with:UcZVYDFH__2__IM_5
06FNvY2s,2,NIM_8,CORNER/THROW-IN,not_important,0.914684,Hard to say where it was going before Pizek Anit dived in front of it.,Hard to say where it was going before Pizekanit dived in front of it.,You are watching a football match. Hard to say where it was going before Pizek Anit dived in front of it. Is this a goal? Answer yes or no.,reproducing_code/vlm-circuits-analysis/data/goal/composites/06FNvY2s/nim/2/NIM_8.png,no,random_pair,You are watching a football match. Alamino. It's a lovely little threat. Jim City! Atalanta has won it at the deck! Is this a goal? Answer yes or no.,reproducing_code/vlm-circuits-analysis/data/goal/composites/xx6GTsEM/im/2/IM_13.png,yes,random_pair,paired_with:xx6GTsEM__2__IM_13
pU7DyBbB,2,NIM_9,CORNER/THROW-IN,not_important,0.986081,Certainly missed Lulic down this left-hand side.,certainly missed Lulic down this left hand side,You are watching a football match. Certainly missed Lulic down this left-hand side. Is this a goal? Answer yes or no.,reproducing_code/vlm-circuits-analysis/data/goal/composites/pU7DyBbB/nim/2/NIM_9.png,no,random_pair,You are watching a football match. As Diwala delivers! And Dilic makes up. Is this a goal? Answer yes or no.,reproducing_code/vlm-circuits-analysis/data/goal/composites/4rxwHJn7/im/2/IM_14.png,yes,random_pair,paired_with:4rxwHJn7__2__IM_14
bBW7eQ6s,2,NIM_2,CORNER/THROW-IN,not_important,0.988375,"Another throw in for Sassuolo, which Rodrigo...","another throw in for Sassuolo, which Rodrigo","You are watching a football match. Another throw in for Sassuolo, which Rodrigo... Is this a goal? Answer yes or no.",reproducing_code/vlm-circuits-analysis/data/goal/composites/bBW7eQ6s/nim/2/NIM_2.png,no,random_pair,You are watching a football match. As Diwala delivers! And Dilic makes up. Is this a goal? Answer yes or no.,reproducing_code/vlm-circuits-analysis/data/goal/composites/4rxwHJn7/im/2/IM_14.png,yes,random_pair,paired_with:4rxwHJn7__2__IM_14
W0KvTtjG,1,NIM_6,CORNER/THROW-IN,not_important,0.975111,"Even by their own lofty standards of the past, this team is setting new marks. Tuesday's result in Salzburg took care of one issue. Now the concentration switches to the three competitions they're involved in over Christmas.",even by their own lofty standards of the past. This team is setting new marks. Tuesday's result in Salzburg took care of one issue. Now the concentration switches to the three competitions they're involved in over Christmas.,"You are watching a football match. Even by their own lofty standards of the past, this team is setting new marks. Tuesday's result in Salzburg took care of one issue. Now the concentration switches to the three competitions they're involved in over Christmas. Is this a goal? Answer yes or no.",reproducing_code/vlm-circuits-analysis/data/goal/composites/W0KvTtjG/nim/1/NIM_6.png,no,random_pair,"You are watching a football match. Romeo, Danny Ings, and Redmond has no one to hit in the middle, has to wait for support, including Armstrong, and it's dropped and Wattrouse pounces. A rare moment of joy in a miserable week for Southampton. Is this a goal? Answer yes or no.",reproducing_code/vlm-circuits-analysis/data/goal/composites/ChTFpiaS/im/1/IM_1.png,yes,random_pair,paired_with:ChTFpiaS__1__IM_1
Q3ZH0ngC,1,NIM_4,SHOT-ON-TARGET,not_important,0.580263,"Best in the world at that kind of ball, isn't it, Kevin De Broyder? Haselic lost it, chance here for Gabriel Jesus.","at that kind of ball, isn't it, Kevin De Bruyne?","You are watching a football match. Best in the world at that kind of ball, isn't it, Kevin De Broyder? Haselic lost it, chance here for Gabriel Jesus. Is this a goal? Answer yes or no.",reproducing_code/vlm-circuits-analysis/data/goal/composites/Q3ZH0ngC/nim/1/NIM_4.png,no,random_pair,You are watching a football match. Foden. Foden. Anchor leader. It's up there for Jesus. It might fall for City. He does. Manchester City find a way through. Is this a goal? Answer yes or no.,reproducing_code/vlm-circuits-analysis/data/goal/composites/ChTFpiaS/im/2/IM_11.png,yes,random_pair,paired_with:ChTFpiaS__2__IM_11
06FNvY2s,2,NIM_2,SHOT-ON-TARGET,not_important,0.958080,Allen now with a cross towards Llorent.,Allen now with a cross towards Llorente.,You are watching a football match. Allen now with a cross towards Llorent. Is this a goal? Answer yes or no.,reproducing_code/vlm-circuits-analysis/data/goal/composites/06FNvY2s/nim/2/NIM_2.png,no,random_pair,You are watching a football match. As Diwala delivers! And Dilic makes up. Is this a goal? Answer yes or no.,reproducing_code/vlm-circuits-analysis/data/goal/composites/4rxwHJn7/im/2/IM_14.png,yes,random_pair,paired_with:4rxwHJn7__2__IM_14
8S0QVm38,1,NIM_3,SHOT-ON-TARGET,not_important,0.873122,"I don't think Gattuso would ever entertain a brolly, nor Di Francesco. Going to feed it into Kessier. Conoros pass picked off, Kessier once again. Gattuso searching cross.",Standing in the pouring rain And not one had a brolly I don't think Gattuso Would ever entertain a brolly Nor Di Francesco Going to feed it into Kessier Conoros pass picked off Kessier once again Sousso Searching cross,"You are watching a football match. I don't think Gattuso would ever entertain a brolly, nor Di Francesco. Going to feed it into Kessier. Conoros pass picked off, Kessier once again. Gattuso searching cross. Is this a goal? Answer yes or no.",reproducing_code/vlm-circuits-analysis/data/goal/composites/8S0QVm38/nim/1/NIM_3.png,no,random_pair,"You are watching a football match. This is one huge, mighty kick for Southampton. It is James Ward-Prowse who's going to follow up and score after Leno saved. And Ward-Prowse gives Southampton the lead. Is this a goal? Answer yes or no.",reproducing_code/vlm-circuits-analysis/data/goal/composites/ABcIbvu8/im/2/IM_7.png,yes,random_pair,paired_with:ABcIbvu8__2__IM_7
nwl9maEG,1,NIM_4,SHOT-ON-TARGET,not_important,1.000000,Now he's going to try and dig it out. That was a bit of a scare for Manchester City.,Now he's going to try and dig it out. That was a bit of a scare for Manchester City.,You are watching a football match. Now he's going to try and dig it out. That was a bit of a scare for Manchester City. Is this a goal? Answer yes or no.,reproducing_code/vlm-circuits-analysis/data/goal/composites/nwl9maEG/nim/1/NIM_4.png,no,random_pair,You are watching a football match. Against Ospina. Rolled into the corner from Andrea Bellotti. He may have missed three of his last four penalties. Is this a goal? Answer yes or no.,reproducing_code/vlm-circuits-analysis/data/goal/composites/UcZVYDFH/im/2/IM_5.png,yes,random_pair,paired_with:UcZVYDFH__2__IM_5
IcCSkl6F,1,NIM_1,SHOT-ON-TARGET,not_important,0.893918,He's causing problems. And here's an attempt with a goalkeeper.,causing problems and here's an attempt with a goalkeeper,You are watching a football match. He's causing problems. And here's an attempt with a goalkeeper. Is this a goal? Answer yes or no.,reproducing_code/vlm-circuits-analysis/data/goal/composites/IcCSkl6F/nim/1/NIM_1.png,no,random_pair,"You are watching a football match. It's a really good goal, clinical quality, incisive. And somehow... Is this a goal? Answer yes or no.",reproducing_code/vlm-circuits-analysis/data/goal/composites/86u5kz2f/im/2/IM_11.png,yes,random_pair,paired_with:86u5kz2f__2__IM_11
63fde7Re,2,NIM_2,SHOT-ON-TARGET,not_important,0.817994,"Travelled a long way, under, close down, under again, under! Golini parries the ball away, under, Jekyll, no power on the header.",Travelled a long way. Under. Close down. Under again. Under! Golini parries the ball away. Under. Dzeko. No power on the header.,"You are watching a football match. Travelled a long way, under, close down, under again, under! Golini parries the ball away, under, Jekyll, no power on the header. Is this a goal? Answer yes or no.",reproducing_code/vlm-circuits-analysis/data/goal/composites/63fde7Re/nim/2/NIM_2.png,no,random_pair,You are watching a football match. Foden. Foden. Anchor leader. It's up there for Jesus. It might fall for City. He does. Manchester City find a way through. Is this a goal? Answer yes or no.,reproducing_code/vlm-circuits-analysis/data/goal/composites/ChTFpiaS/im/2/IM_11.png,yes,random_pair,paired_with:ChTFpiaS__2__IM_11
ChTFpiaS,1,NIM_2,SHOT-ON-TARGET,not_important,0.884014,Riyad Mahrez handy from this range but he's only on the bench today.,Riyad Mahrez handy from this range but he's only on the bench today The Bruyne,You are watching a football match. Riyad Mahrez handy from this range but he's only on the bench today. Is this a goal? Answer yes or no.,reproducing_code/vlm-circuits-analysis/data/goal/composites/ChTFpiaS/nim/1/NIM_2.png,no,random_pair,You are watching a football match. This is becoming something very noteworthy. Six goals to nil on the road. Is this a goal? Answer yes or no.,reproducing_code/vlm-circuits-analysis/data/goal/composites/0jJj5Mme/im/2/IM_16.png,yes,random_pair,paired_with:0jJj5Mme__2__IM_16
x2i73QnS,1,NIM_2,SHOT-ON-TARGET,not_important,0.955006,"Backwards, gets his head on it but no power or direction. No fear of course, why should there be they've won five of their last six away games.",backwards it's his head on it but no power or direction no fear of course why should there be they've won five of the last six away games in,"You are watching a football match. Backwards, gets his head on it but no power or direction. No fear of course, why should there be they've won five of their last six away games. Is this a goal? Answer yes or no.",reproducing_code/vlm-circuits-analysis/data/goal/composites/x2i73QnS/nim/1/NIM_2.png,no,random_pair,"You are watching a football match. This is one huge, mighty kick for Southampton. It is James Ward-Prowse who's going to follow up and score after Leno saved. And Ward-Prowse gives Southampton the lead. Is this a goal? Answer yes or no.",reproducing_code/vlm-circuits-analysis/data/goal/composites/ABcIbvu8/im/2/IM_7.png,yes,random_pair,paired_with:ABcIbvu8__2__IM_7
ObsVrY4o,2,NIM_2,SHOT-ON-TARGET,not_important,1.000000,Nicely played by him to Aleksandro. It's a waste though from a Juve perspective. It was a waste. He should be hitting the target.,Nicely played by him to Aleksandro. It's a waste though from a Juve perspective. It was a waste. He should be hitting the target.,You are watching a football match. Nicely played by him to Aleksandro. It's a waste though from a Juve perspective. It was a waste. He should be hitting the target. Is this a goal? Answer yes or no.,reproducing_code/vlm-circuits-analysis/data/goal/composites/ObsVrY4o/nim/2/NIM_2.png,no,random_pair,"You are watching a football match. And that second one, brilliant from Lacazette. It really is. Good pass for Chongen there with that one as well. Wonderful strike to Finlay. Is this a goal? Answer yes or no.",reproducing_code/vlm-circuits-analysis/data/goal/composites/hK46TwNp/im/1/IM_12.png,yes,random_pair,paired_with:hK46TwNp__1__IM_12
xpER1kZQ,1,NIM_5,SHOT-ON-TARGET,not_important,0.926707,To get Keane a little bit of space. Wrong option.,to get Keane a little bit of space,You are watching a football match. To get Keane a little bit of space. Wrong option. Is this a goal? Answer yes or no.,reproducing_code/vlm-circuits-analysis/data/goal/composites/xpER1kZQ/nim/1/NIM_5.png,no,random_pair,"You are watching a football match. It's a really good goal, clinical quality, incisive. And somehow... Is this a goal? Answer yes or no.",reproducing_code/vlm-circuits-analysis/data/goal/composites/86u5kz2f/im/2/IM_11.png,yes,random_pair,paired_with:86u5kz2f__2__IM_11
OziK3ff0,1,NIM_11,SHOT-ON-TARGET,not_important,0.967162,"Nicely done in the middle. And now the play builds nicely. Simeone, wonderful first touch and lays off to Nandes. Three waiting in the box arrives. Joao Pedro and Neely Simeone with a...",nicely done in the middle the play builds nicely Simeone a wonderful first touch and lays off to Nandes three waiting in the box arrives João Pedro and nearly Simeone,"You are watching a football match. Nicely done in the middle. And now the play builds nicely. Simeone, wonderful first touch and lays off to Nandes. Three waiting in the box arrives. Joao Pedro and Neely Simeone with a... Is this a goal? Answer yes or no.",reproducing_code/vlm-circuits-analysis/data/goal/composites/OziK3ff0/nim/1/NIM_11.png,no,random_pair,"You are watching a football match. They've got the craft and guile to find a way past this Atalanta back line. Here's Alfred Duncan, lovely layoff, oh and it's a goal and it's put away by Berardi for Sassuolo. Is this a goal? Answer yes or no.",reproducing_code/vlm-circuits-analysis/data/goal/composites/bBW7eQ6s/im/1/IM_2.png,yes,random_pair,paired_with:bBW7eQ6s__1__IM_2
rs1thcel,2,NIM_7,SHOT-ON-TARGET,not_important,0.657945,It is ball in. And it's a chance from Lordy.,It's his ball in. And it's a chance for Muriel.,You are watching a football match. It is ball in. And it's a chance from Lordy. Is this a goal? Answer yes or no.,reproducing_code/vlm-circuits-analysis/data/goal/composites/rs1thcel/nim/2/NIM_7.png,no,random_pair,"You are watching a football match. It's a really good goal, clinical quality, incisive. And somehow... Is this a goal? Answer yes or no.",reproducing_code/vlm-circuits-analysis/data/goal/composites/86u5kz2f/im/2/IM_11.png,yes,random_pair,paired_with:86u5kz2f__2__IM_11
