pair,row_index,clip_id,group_idx,clip_name,target,prediction,correct,left_label,right_label,left_token,right_token,left_logit,right_logit
goal_vs_corner,0,0jJj5Mme,1,IM_15,GOAL,GOAL,True,GOAL,CORNER/THROW-IN,goal,corner,10.986199378967285,7.6038899421691895
goal_vs_corner,1,nsbnKlSp,2,IM_7,GOAL,GOAL,True,GOAL,CORNER/THROW-IN,goal,corner,10.077393531799316,8.054280281066895
goal_vs_corner,2,AmNbkU2m,2,IM_4,GOAL,GOAL,True,GOAL,CORNER/THROW-IN,goal,corner,9.086482048034668,8.192570686340332
goal_vs_corner,3,reYzH7wg,1,IM_7,GOAL,GOAL,True,GOAL,CORNER/THROW-IN,goal,corner,9.250024795532227,9.166468620300293
goal_vs_corner,4,OziK3ff0,1,IM_10,GOAL,GOAL,True,GOAL,CORNER/THROW-IN,goal,corner,9.80354118347168,7.7888102531433105
goal_vs_corner,5,xx6GTsEM,2,IM_1,GOAL,GOAL,True,GOAL,CORNER/THROW-IN,goal,corner,10.00753116607666,7.989426136016846
goal_vs_corner,6,xx6GTsEM,2,IM_9,GOAL,GOAL,True,GOAL,CORNER/THROW-IN,goal,corner,8.953591346740723,7.626881122589111
goal_vs_corner,7,UBdITpNb,1,IM_7,GOAL,CORNER/THROW-IN,False,GOAL,CORNER/THROW-IN,goal,corner,7.850636959075928,10.447237968444824
goal_vs_corner,8,bZhxz4I5,2,IM_3,GOAL,GOAL,True,GOAL,CORNER/THROW-IN,goal,corner,10.95462703704834,7.779505252838135
goal_vs_corner,9,bBW7eQ6s,1,IM_2,GOAL,GOAL,True,GOAL,CORNER/THROW-IN,goal,corner,11.334856033325195,6.483875751495361
goal_vs_corner,10,bevos1dM,2,IM_8,GOAL,GOAL,True,GOAL,CORNER/THROW-IN,goal,corner,9.218327522277832,8.000275611877441
goal_vs_corner,11,hK46TwNp,1,IM_12,GOAL,GOAL,True,GOAL,CORNER/THROW-IN,goal,corner,10.445350646972656,8.188745498657227
goal_vs_corner,12,ABcIbvu8,1,IM_4,GOAL,GOAL,True,GOAL,CORNER/THROW-IN,goal,corner,9.634779930114746,9.16494369506836
goal_vs_corner,13,63fde7Re,1,IM_2,GOAL,GOAL,True,GOAL,CORNER/THROW-IN,goal,corner,9.512020111083984,8.317815780639648
goal_vs_corner,14,G6wyC3XE,1,IM_7,GOAL,GOAL,True,GOAL,CORNER/THROW-IN,goal,corner,10.463663101196289,8.87476634979248
goal_vs_corner,15,GEF9XGeE,1,IM_4,GOAL,GOAL,True,GOAL,CORNER/THROW-IN,goal,corner,9.618833541870117,9.047921180725098
goal_vs_corner,16,fN94DUin,2,IM_11,GOAL,GOAL,True,GOAL,CORNER/THROW-IN,goal,corner,10.616141319274902,7.929669380187988
goal_vs_corner,17,63fde7Re,1,IM_6,GOAL,GOAL,True,GOAL,CORNER/THROW-IN,goal,corner,8.805290222167969,8.609264373779297
goal_vs_corner,18,4rxwHJn7,2,IM_14,GOAL,GOAL,True,GOAL,CORNER/THROW-IN,goal,corner,10.416565895080566,9.040271759033203
goal_vs_corner,19,Yo4Xirtq,1,IM_6,GOAL,GOAL,True,GOAL,CORNER/THROW-IN,goal,corner,9.173842430114746,8.775715827941895
goal_vs_corner,20,reYzH7wg,1,IM_10,GOAL,GOAL,True,GOAL,CORNER/THROW-IN,goal,corner,9.668594360351562,8.862187385559082
goal_vs_corner,21,0jJj5Mme,2,IM_16,GOAL,GOAL,True,GOAL,CORNER/THROW-IN,goal,corner,9.50631332397461,7.612189769744873
goal_vs_corner,22,l0uNkr78,2,IM_4,GOAL,GOAL,True,GOAL,CORNER/THROW-IN,goal,corner,9.93989086151123,8.786555290222168
goal_vs_corner,23,ChTFpiaS,1,IM_1,GOAL,GOAL,True,GOAL,CORNER/THROW-IN,goal,corner,9.937470436096191,8.705178260803223
goal_vs_corner,24,0jJj5Mme,1,IM_10,GOAL,GOAL,True,GOAL,CORNER/THROW-IN,goal,corner,11.096646308898926,8.578573226928711
goal_vs_corner,25,UcZVYDFH,2,IM_5,GOAL,CORNER/THROW-IN,False,GOAL,CORNER/THROW-IN,goal,corner,7.905429840087891,9.54713249206543
goal_vs_corner,26,Yo4Xirtq,2,IM_5,GOAL,CORNER/THROW-IN,False,GOAL,CORNER/THROW-IN,goal,corner,8.30284595489502,9.042227745056152
goal_vs_corner,27,6ZIJp6HI,2,IM_2,GOAL,GOAL,True,GOAL,CORNER/THROW-IN,goal,corner,9.298552513122559,8.533407211303711
goal_vs_corner,28,OziK3ff0,1,IM_1,GOAL,GOAL,True,GOAL,CORNER/THROW-IN,goal,corner,9.850984573364258,7.658900260925293
goal_vs_corner,29,pU7DyBbB,1,IM_3,GOAL,GOAL,True,GOAL,CORNER/THROW-IN,goal,corner,9.272014617919922,9.203996658325195
goal_vs_corner,30,xx6GTsEM,2,IM_13,GOAL,GOAL,True,GOAL,CORNER/THROW-IN,goal,corner,10.0216064453125,9.079455375671387
goal_vs_corner,31,nsbnKlSp,1,IM_2,GOAL,GOAL,True,GOAL,CORNER/THROW-IN,goal,corner,10.19914436340332,8.475968360900879
goal_vs_corner,32,ChTFpiaS,2,IM_11,GOAL,GOAL,True,GOAL,CORNER/THROW-IN,goal,corner,8.939901351928711,8.056228637695312
goal_vs_corner,33,bBW7eQ6s,1,IM_4,GOAL,GOAL,True,GOAL,CORNER/THROW-IN,goal,corner,10.186023712158203,8.927711486816406
goal_vs_corner,34,r9gYBR53,1,IM_2,GOAL,GOAL,True,GOAL,CORNER/THROW-IN,goal,corner,10.240273475646973,8.135143280029297
goal_vs_corner,35,ABcIbvu8,1,IM_1,GOAL,GOAL,True,GOAL,CORNER/THROW-IN,goal,corner,9.058572769165039,9.033553123474121
goal_vs_corner,36,IwW928Oa,2,IM_15,GOAL,GOAL,True,GOAL,CORNER/THROW-IN,goal,corner,10.382135391235352,8.120782852172852
goal_vs_corner,37,Ov5idmCk,1,IM_5,GOAL,GOAL,True,GOAL,CORNER/THROW-IN,goal,corner,10.359477043151855,7.815587520599365
goal_vs_corner,38,KIMzryr9,2,IM_8,GOAL,GOAL,True,GOAL,CORNER/THROW-IN,goal,corner,10.03258991241455,9.018057823181152
goal_vs_corner,39,4rxwHJn7,2,IM_9,GOAL,GOAL,True,GOAL,CORNER/THROW-IN,goal,corner,9.301965713500977,8.626932144165039
goal_vs_corner,40,ABcIbvu8,2,IM_9,GOAL,GOAL,True,GOAL,CORNER/THROW-IN,goal,corner,9.7561674118042,7.884805679321289
goal_vs_corner,41,0jJj5Mme,1,IM_9,GOAL,GOAL,True,GOAL,CORNER/THROW-IN,goal,corner,9.713793754577637,9.44167423248291
goal_vs_corner,42,ABcIbvu8,2,IM_7,GOAL,GOAL,True,GOAL,CORNER/THROW-IN,goal,corner,10.160555839538574,9.24643325805664
goal_vs_corner,43,xx6GTsEM,1,IM_6,GOAL,GOAL,True,GOAL,CORNER/THROW-IN,goal,corner,8.600059509277344,8.516731262207031
goal_vs_corner,44,r9gYBR53,1,IM_10,GOAL,GOAL,True,GOAL,CORNER/THROW-IN,goal,corner,10.507984161376953,7.554058074951172
goal_vs_corner,45,lCaoR3AE,2,IM_13,GOAL,GOAL,True,GOAL,CORNER/THROW-IN,goal,corner,8.744723320007324,7.81285285949707
goal_vs_corner,46,86u5kz2f,2,IM_11,GOAL,GOAL,True,GOAL,CORNER/THROW-IN,goal,corner,10.972999572753906,8.410783767700195
goal_vs_corner,47,xx6GTsEM,1,IM_2,GOAL,GOAL,True,GOAL,CORNER/THROW-IN,goal,corner,10.070101737976074,7.951767444610596
goal_vs_corner,48,0jJj5Mme,1,IM_1,GOAL,GOAL,True,GOAL,CORNER/THROW-IN,goal,corner,9.385132789611816,8.966418266296387
goal_vs_corner,49,G6wyC3XE,1,IM_5,GOAL,GOAL,True,GOAL,CORNER/THROW-IN,goal,corner,9.334244728088379,8.071327209472656
goal_vs_corner,50,Q3ZH0ngC,2,IM_6,CORNER/THROW-IN,CORNER/THROW-IN,True,GOAL,CORNER/THROW-IN,goal,corner,8.580470085144043,9.179765701293945
goal_vs_corner,51,E5X6KOII,2,IM_4,CORNER/THROW-IN,GOAL,False,GOAL,CORNER/THROW-IN,goal,corner,9.699274063110352,9.1512451171875
goal_vs_corner,52,ULTDmEW6,2,IM_6,CORNER/THROW-IN,CORNER/THROW-IN,True,GOAL,CORNER/THROW-IN,goal,corner,8.487452507019043,10.143684387207031
goal_vs_corner,53,G6wyC3XE,2,IM_1,CORNER/THROW-IN,GOAL,False,GOAL,CORNER/THROW-IN,goal,corner,9.158714294433594,8.274630546569824
goal_vs_corner,54,bks0kqIh,2,IM_1,CORNER/THROW-IN,CORNER/THROW-IN,True,GOAL,CORNER/THROW-IN,goal,corner,8.058967590332031,9.390507698059082
goal_vs_corner,55,tE2Jn2J8,2,IM_1,CORNER/THROW-IN,CORNER/THROW-IN,True,GOAL,CORNER/THROW-IN,goal,corner,8.062196731567383,9.722529411315918
goal_vs_corner,56,UcZVYDFH,1,IM_9,CORNER/THROW-IN,CORNER/THROW-IN,True,GOAL,CORNER/THROW-IN,goal,corner,8.032225608825684,9.694172859191895
goal_vs_corner,57,6LXKpLWN,2,IM_1,CORNER/THROW-IN,CORNER/THROW-IN,True,GOAL,CORNER/THROW-IN,goal,corner,8.774700164794922,9.938316345214844
goal_vs_corner,58,8rg3jFcJ,2,IM_3,CORNER/THROW-IN,GOAL,False,GOAL,CORNER/THROW-IN,goal,corner,9.156388282775879,8.832136154174805
goal_vs_corner,59,IF9NUtVr,1,IM_4,CORNER/THROW-IN,CORNER/THROW-IN,True,GOAL,CORNER/THROW-IN,goal,corner,7.555660724639893,8.493874549865723
goal_vs_corner,60,l0uNkr78,2,IM_10,CORNER/THROW-IN,GOAL,False,GOAL,CORNER/THROW-IN,goal,corner,9.73987865447998,8.965235710144043
goal_vs_corner,61,0rkvoaKm,2,IM_16,CORNER/THROW-IN,CORNER/THROW-IN,True,GOAL,CORNER/THROW-IN,goal,corner,8.542827606201172,8.670223236083984
goal_vs_corner,62,06FNvY2s,2,IM_6,CORNER/THROW-IN,CORNER/THROW-IN,True,GOAL,CORNER/THROW-IN,goal,corner,8.797261238098145,9.444314002990723
goal_vs_corner,63,xpER1kZQ,1,IM_5,CORNER/THROW-IN,CORNER/THROW-IN,True,GOAL,CORNER/THROW-IN,goal,corner,8.437186241149902,9.854602813720703
goal_vs_corner,64,6w99xiq5,2,IM_3,CORNER/THROW-IN,GOAL,False,GOAL,CORNER/THROW-IN,goal,corner,9.352790832519531,8.428969383239746
goal_vs_corner,65,6w99xiq5,1,IM_2,CORNER/THROW-IN,GOAL,False,GOAL,CORNER/THROW-IN,goal,corner,9.749902725219727,9.381199836730957
goal_vs_corner,66,nsbnKlSp,2,IM_3,CORNER/THROW-IN,GOAL,False,GOAL,CORNER/THROW-IN,goal,corner,9.095447540283203,8.476069450378418
goal_vs_corner,67,p2XBlEqT,2,IM_9,CORNER/THROW-IN,GOAL,False,GOAL,CORNER/THROW-IN,goal,corner,9.541912078857422,8.468888282775879
goal_vs_corner,68,Q3ZH0ngC,2,IM_7,CORNER/THROW-IN,CORNER/THROW-IN,True,GOAL,CORNER/THROW-IN,goal,corner,8.28674030303955,9.813921928405762
goal_vs_corner,69,4rxwHJn7,1,IM_4,CORNER/THROW-IN,CORNER/THROW-IN,True,GOAL,CORNER/THROW-IN,goal,corner,8.239652633666992,8.657061576843262
goal_vs_corner,70,pOf6Wnwt,2,IM_10,CORNER/THROW-IN,CORNER/THROW-IN,True,GOAL,CORNER/THROW-IN,goal,corner,8.325394630432129,9.777175903320312
goal_vs_corner,71,vXz1jGnl,2,IM_3,CORNER/THROW-IN,GOAL,False,GOAL,CORNER/THROW-IN,goal,corner,9.588457107543945,8.76673698425293
goal_vs_corner,72,xlO2e2Ra,2,IM_6,CORNER/THROW-IN,CORNER/THROW-IN,True,GOAL,CORNER/THROW-IN,goal,corner,8.908479690551758,10.223954200744629
goal_vs_corner,73,06FNvY2s,2,IM_1,CORNER/THROW-IN,GOAL,False,GOAL,CORNER/THROW-IN,goal,corner,9.664020538330078,9.18087100982666
goal_vs_corner,74,r9gYBR53,2,IM_4,CORNER/THROW-IN,CORNER/THROW-IN,True,GOAL,CORNER/THROW-IN,goal,corner,8.305002212524414,10.096823692321777
goal_vs_corner,103,G6wyC3XE,2,NIM_2,CORNER/THROW-IN,CORNER/THROW-IN,True,GOAL,CORNER/THROW-IN,goal,corner,8.980120658874512,9.157584190368652
goal_vs_corner,104,0jJj5Mme,2,NIM_9,CORNER/THROW-IN,GOAL,False,GOAL,CORNER/THROW-IN,goal,corner,8.81767749786377,8.359079360961914
goal_vs_corner,105,W0KvTtjG,1,NIM_7,CORNER/THROW-IN,GOAL,False,GOAL,CORNER/THROW-IN,goal,corner,9.585744857788086,9.584771156311035
goal_vs_corner,106,xpER1kZQ,2,NIM_10,CORNER/THROW-IN,CORNER/THROW-IN,True,GOAL,CORNER/THROW-IN,goal,corner,8.244732856750488,8.374284744262695
goal_vs_corner,107,EPk1kLq4,2,NIM_1,CORNER/THROW-IN,GOAL,False,GOAL,CORNER/THROW-IN,goal,corner,9.58354377746582,9.506071090698242
goal_vs_corner,108,rs1thcel,2,NIM_4,CORNER/THROW-IN,GOAL,False,GOAL,CORNER/THROW-IN,goal,corner,9.64725112915039,9.556607246398926
goal_vs_corner,109,vVcWSKae,2,NIM_4,CORNER/THROW-IN,GOAL,False,GOAL,CORNER/THROW-IN,goal,corner,9.416833877563477,8.84924602508545
goal_vs_corner,110,KMdvNjmo,1,NIM_5,CORNER/THROW-IN,CORNER/THROW-IN,True,GOAL,CORNER/THROW-IN,goal,corner,9.604601860046387,9.736401557922363
goal_vs_corner,111,OtQpc975,1,NIM_7,CORNER/THROW-IN,GOAL,False,GOAL,CORNER/THROW-IN,goal,corner,9.991057395935059,8.351009368896484
goal_vs_corner,112,KMdvNjmo,1,NIM_6,CORNER/THROW-IN,CORNER/THROW-IN,True,GOAL,CORNER/THROW-IN,goal,corner,8.386247634887695,8.89207649230957
goal_vs_corner,113,6uUbMpl6,2,NIM_2,CORNER/THROW-IN,CORNER/THROW-IN,True,GOAL,CORNER/THROW-IN,goal,corner,8.497123718261719,9.002843856811523
goal_vs_corner,114,OtQpc975,1,NIM_6,CORNER/THROW-IN,GOAL,False,GOAL,CORNER/THROW-IN,goal,corner,9.544883728027344,8.850882530212402
goal_vs_corner,115,tE2Jn2J8,2,NIM_14,CORNER/THROW-IN,CORNER/THROW-IN,True,GOAL,CORNER/THROW-IN,goal,corner,8.158088684082031,10.064929008483887
goal_vs_corner,116,ULTDmEW6,2,NIM_1,CORNER/THROW-IN,CORNER/THROW-IN,True,GOAL,CORNER/THROW-IN,goal,corner,7.393191814422607,10.440815925598145
goal_vs_corner,117,pOf6Wnwt,2,NIM_13,CORNER/THROW-IN,CORNER/THROW-IN,True,GOAL,CORNER/THROW-IN,goal,corner,8.282980918884277,8.860580444335938
goal_vs_corner,118,Yo4Xirtq,2,NIM_9,CORNER/THROW-IN,GOAL,False,GOAL,CORNER/THROW-IN,goal,corner,9.257407188415527,8.935093879699707
goal_vs_corner,119,06FNvY2s,2,NIM_8,CORNER/THROW-IN,GOAL,False,GOAL,CORNER/THROW-IN,goal,corner,9.548530578613281,8.965263366699219
goal_vs_corner,120,pU7DyBbB,2,NIM_9,CORNER/THROW-IN,CORNER/THROW-IN,True,GOAL,CORNER/THROW-IN,goal,corner,8.615917205810547,9.51609992980957
goal_vs_corner,121,bBW7eQ6s,2,NIM_2,CORNER/THROW-IN,CORNER/THROW-IN,True,GOAL,CORNER/THROW-IN,goal,corner,8.054409980773926,9.139545440673828
goal_vs_corner,122,W0KvTtjG,1,NIM_6,CORNER/THROW-IN,CORNER/THROW-IN,True,GOAL,CORNER/THROW-IN,goal,corner,9.034128189086914,9.168665885925293
goal_vs_corner,123,OtQpc975,2,NIM_1,CORNER/THROW-IN,GOAL,False,GOAL,CORNER/THROW-IN,goal,corner,9.554076194763184,8.345009803771973
goal_vs_corner,124,r9gYBR53,2,NIM_9,CORNER/THROW-IN,CORNER/THROW-IN,True,GOAL,CORNER/THROW-IN,goal,corner,7.427549839019775,8.975785255432129
goal_vs_shot,0,0jJj5Mme,1,IM_15,GOAL,GOAL,True,GOAL,SHOT-ON-TARGET,goal,shot,10.61766242980957,9.334869384765625
goal_vs_shot,1,nsbnKlSp,2,IM_7,GOAL,GOAL,True,GOAL,SHOT-ON-TARGET,goal,shot,9.028924942016602,8.428415298461914
goal_vs_shot,2,AmNbkU2m,2,IM_4,GOAL,SHOT-ON-TARGET,False,GOAL,SHOT-ON-TARGET,goal,shot,7.9981279373168945,8.405837059020996
goal_vs_shot,3,reYzH7wg,1,IM_7,GOAL,GOAL,True,GOAL,SHOT-ON-TARGET,goal,shot,9.459123611450195,9.323233604431152
goal_vs_shot,4,OziK3ff0,1,IM_10,GOAL,GOAL,True,GOAL,SHOT-ON-TARGET,goal,shot,9.306601524353027,8.57596492767334
goal_vs_shot,5,xx6GTsEM,2,IM_1,GOAL,SHOT-ON-TARGET,False,GOAL,SHOT-ON-TARGET,goal,shot,9.155397415161133,9.295272827148438
goal_vs_shot,6,xx6GTsEM,2,IM_9,GOAL,SHOT-ON-TARGET,False,GOAL,SHOT-ON-TARGET,goal,shot,8.33907413482666,8.429688453674316
goal_vs_shot,7,UBdITpNb,1,IM_7,GOAL,SHOT-ON-TARGET,False,GOAL,SHOT-ON-TARGET,goal,shot,9.601521492004395,9.90810775756836
goal_vs_shot,8,bZhxz4I5,2,IM_3,GOAL,GOAL,True,GOAL,SHOT-ON-TARGET,goal,shot,10.69987964630127,8.587156295776367
goal_vs_shot,9,bBW7eQ6s,1,IM_2,GOAL,GOAL,True,GOAL,SHOT-ON-TARGET,goal,shot,10.599225044250488,9.680436134338379
goal_vs_shot,10,bevos1dM,2,IM_8,GOAL,SHOT-ON-TARGET,False,GOAL,SHOT-ON-TARGET,goal,shot,8.18285846710205,8.784533500671387
goal_vs_shot,11,hK46TwNp,1,IM_12,GOAL,SHOT-ON-TARGET,False,GOAL,SHOT-ON-TARGET,goal,shot,9.363484382629395,10.547762870788574
goal_vs_shot,12,ABcIbvu8,1,IM_4,GOAL,SHOT-ON-TARGET,False,GOAL,SHOT-ON-TARGET,goal,shot,9.300813674926758,9.550206184387207
goal_vs_shot,13,63fde7Re,1,IM_2,GOAL,GOAL,True,GOAL,SHOT-ON-TARGET,goal,shot,8.458643913269043,8.399312973022461
goal_vs_shot,14,G6wyC3XE,1,IM_7,GOAL,GOAL,True,GOAL,SHOT-ON-TARGET,goal,shot,10.34625244140625,9.497633934020996
goal_vs_shot,15,GEF9XGeE,1,IM_4,GOAL,GOAL,True,GOAL,SHOT-ON-TARGET,goal,shot,9.76598834991455,9.412907600402832
goal_vs_shot,16,fN94DUin,2,IM_11,GOAL,GOAL,True,GOAL,SHOT-ON-TARGET,goal,shot,10.2926607131958,9.63016414642334
goal_vs_shot,17,63fde7Re,1,IM_6,GOAL,SHOT-ON-TARGET,False,GOAL,SHOT-ON-TARGET,goal,shot,7.9788818359375,8.568198204040527
goal_vs_shot,18,4rxwHJn7,2,IM_14,GOAL,GOAL,True,GOAL,SHOT-ON-TARGET,goal,shot,10.254857063293457,9.528687477111816
goal_vs_shot,19,Yo4Xirtq,1,IM_6,GOAL,GOAL,True,GOAL,SHOT-ON-TARGET,goal,shot,9.026164054870605,8.88491439819336
goal_vs_shot,20,reYzH7wg,1,IM_10,GOAL,SHOT-ON-TARGET,False,GOAL,SHOT-ON-TARGET,goal,shot,9.346071243286133,9.939881324768066
goal_vs_shot,21,0jJj5Mme,2,IM_16,GOAL,GOAL,True,GOAL,SHOT-ON-TARGET,goal,shot,9.60693645477295,9.173495292663574
goal_vs_shot,22,l0uNkr78,2,IM_4,GOAL,SHOT-ON-TARGET,False,GOAL,SHOT-ON-TARGET,goal,shot,9.41462516784668,10.543680191040039
goal_vs_shot,23,ChTFpiaS,1,IM_1,GOAL,GOAL,True,GOAL,SHOT-ON-TARGET,goal,shot,9.318974494934082,8.784900665283203
goal_vs_shot,24,0jJj5Mme,1,IM_10,GOAL,SHOT-ON-TARGET,False,GOAL,SHOT-ON-TARGET,goal,shot,9.9213228225708,11.271739959716797
goal_vs_shot,25,UcZVYDFH,2,IM_5,GOAL,SHOT-ON-TARGET,False,GOAL,SHOT-ON-TARGET,goal,shot,9.67501163482666,9.78266716003418
goal_vs_shot,26,Yo4Xirtq,2,IM_5,GOAL,GOAL,True,GOAL,SHOT-ON-TARGET,goal,shot,9.137960433959961,7.997129917144775
goal_vs_shot,27,6ZIJp6HI,2,IM_2,GOAL,SHOT-ON-TARGET,False,GOAL,SHOT-ON-TARGET,goal,shot,8.710677146911621,9.029815673828125
goal_vs_shot,28,OziK3ff0,1,IM_1,GOAL,GOAL,True,GOAL,SHOT-ON-TARGET,goal,shot,8.590222358703613,8.342081069946289
goal_vs_shot,29,pU7DyBbB,1,IM_3,GOAL,SHOT-ON-TARGET,False,GOAL,SHOT-ON-TARGET,goal,shot,8.991203308105469,10.002846717834473
goal_vs_shot,30,xx6GTsEM,2,IM_13,GOAL,SHOT-ON-TARGET,False,GOAL,SHOT-ON-TARGET,goal,shot,9.246613502502441,9.538843154907227
goal_vs_shot,31,nsbnKlSp,1,IM_2,GOAL,SHOT-ON-TARGET,False,GOAL,SHOT-ON-TARGET,goal,shot,9.566645622253418,10.223211288452148
goal_vs_shot,32,ChTFpiaS,2,IM_11,GOAL,SHOT-ON-TARGET,False,GOAL,SHOT-ON-TARGET,goal,shot,8.19924259185791,8.314728736877441
goal_vs_shot,33,bBW7eQ6s,1,IM_4,GOAL,GOAL,True,GOAL,SHOT-ON-TARGET,goal,shot,9.64729118347168,9.49553108215332
goal_vs_shot,34,r9gYBR53,1,IM_2,GOAL,GOAL,True,GOAL,SHOT-ON-TARGET,goal,shot,9.444657325744629,9.146334648132324
goal_vs_shot,35,ABcIbvu8,1,IM_1,GOAL,SHOT-ON-TARGET,False,GOAL,SHOT-ON-TARGET,goal,shot,8.720672607421875,9.833257675170898
goal_vs_shot,36,IwW928Oa,2,IM_15,GOAL,GOAL,True,GOAL,SHOT-ON-TARGET,goal,shot,9.865530967712402,9.28076457977295
goal_vs_shot,37,Ov5idmCk,1,IM_5,GOAL,SHOT-ON-TARGET,False,GOAL,SHOT-ON-TARGET,goal,shot,9.386422157287598,9.977910995483398
goal_vs_shot,38,KIMzryr9,2,IM_8,GOAL,SHOT-ON-TARGET,False,GOAL,SHOT-ON-TARGET,goal,shot,9.003395080566406,10.07349681854248
goal_vs_shot,39,4rxwHJn7,2,IM_9,GOAL,SHOT-ON-TARGET,False,GOAL,SHOT-ON-TARGET,goal,shot,8.147499084472656,8.212263107299805
goal_vs_shot,40,ABcIbvu8,2,IM_9,GOAL,GOAL,True,GOAL,SHOT-ON-TARGET,goal,shot,8.350826263427734,8.05200481414795
goal_vs_shot,41,0jJj5Mme,1,IM_9,GOAL,SHOT-ON-TARGET,False,GOAL,SHOT-ON-TARGET,goal,shot,10.024246215820312,10.100666046142578
goal_vs_shot,42,ABcIbvu8,2,IM_7,GOAL,GOAL,True,GOAL,SHOT-ON-TARGET,goal,shot,10.041061401367188,9.861010551452637
goal_vs_shot,43,xx6GTsEM,1,IM_6,GOAL,SHOT-ON-TARGET,False,GOAL,SHOT-ON-TARGET,goal,shot,8.158958435058594,9.124367713928223
goal_vs_shot,44,r9gYBR53,1,IM_10,GOAL,SHOT-ON-TARGET,False,GOAL,SHOT-ON-TARGET,goal,shot,9.768644332885742,10.031907081604004
goal_vs_shot,45,lCaoR3AE,2,IM_13,GOAL,GOAL,True,GOAL,SHOT-ON-TARGET,goal,shot,8.62425708770752,7.646952152252197
goal_vs_shot,46,86u5kz2f,2,IM_11,GOAL,GOAL,True,GOAL,SHOT-ON-TARGET,goal,shot,10.299558639526367,9.597448348999023
goal_vs_shot,47,xx6GTsEM,1,IM_2,GOAL,SHOT-ON-TARGET,False,GOAL,SHOT-ON-TARGET,goal,shot,8.708715438842773,9.590215682983398
goal_vs_shot,48,0jJj5Mme,1,IM_1,GOAL,SHOT-ON-TARGET,False,GOAL,SHOT-ON-TARGET,goal,shot,9.440544128417969,9.6167573928833
goal_vs_shot,49,G6wyC3XE,1,IM_5,GOAL,GOAL,True,GOAL,SHOT-ON-TARGET,goal,shot,8.90115737915039,7.937228679656982
goal_vs_shot,75,xx6GTsEM,1,IM_1,SHOT-ON-TARGET,SHOT-ON-TARGET,True,GOAL,SHOT-ON-TARGET,goal,shot,9.03372573852539,9.082552909851074
goal_vs_shot,76,pl6mcTdq,1,IM_2,SHOT-ON-TARGET,SHOT-ON-TARGET,True,GOAL,SHOT-ON-TARGET,goal,shot,9.170980453491211,9.315773963928223
goal_vs_shot,77,OtQpc975,1,IM_3,SHOT-ON-TARGET,GOAL,False,GOAL,SHOT-ON-TARGET,goal,shot,9.922301292419434,8.79782772064209
goal_vs_shot,78,ChTFpiaS,2,IM_7,SHOT-ON-TARGET,GOAL,False,GOAL,SHOT-ON-TARGET,goal,shot,9.97474479675293,9.434309959411621
goal_vs_shot,79,x2i73QnS,2,IM_5,SHOT-ON-TARGET,SHOT-ON-TARGET,True,GOAL,SHOT-ON-TARGET,goal,shot,8.70145320892334,10.864457130432129
goal_vs_shot,80,UcZVYDFH,1,IM_15,SHOT-ON-TARGET,SHOT-ON-TARGET,True,GOAL,SHOT-ON-TARGET,goal,shot,8.928297996520996,9.750324249267578
goal_vs_shot,81,UBdITpNb,2,IM_6,SHOT-ON-TARGET,SHOT-ON-TARGET,True,GOAL,SHOT-ON-TARGET,goal,shot,9.408526420593262,10.693764686584473
goal_vs_shot,82,G6wyC3XE,2,IM_4,SHOT-ON-TARGET,SHOT-ON-TARGET,True,GOAL,SHOT-ON-TARGET,goal,shot,9.477116584777832,9.681238174438477
goal_vs_shot,83,ABcIbvu8,2,IM_1,SHOT-ON-TARGET,SHOT-ON-TARGET,True,GOAL,SHOT-ON-TARGET,goal,shot,8.430307388305664,9.342743873596191
goal_vs_shot,84,x2i73QnS,2,IM_4,SHOT-ON-TARGET,SHOT-ON-TARGET,True,GOAL,SHOT-ON-TARGET,goal,shot,9.063776016235352,10.61624813079834
goal_vs_shot,85,vXz1jGnl,2,IM_2,SHOT-ON-TARGET,GOAL,False,GOAL,SHOT-ON-TARGET,goal,shot,8.365179061889648,8.180794715881348
goal_vs_shot,86,OtQpc975,2,IM_9,SHOT-ON-TARGET,SHOT-ON-TARGET,True,GOAL,SHOT-ON-TARGET,goal,shot,9.897194862365723,10.792072296142578
goal_vs_shot,87,OtQpc975,1,IM_6,SHOT-ON-TARGET,SHOT-ON-TARGET,True,GOAL,SHOT-ON-TARGET,goal,shot,9.115277290344238,9.814798355102539
goal_vs_shot,88,8S0QVm38,1,IM_2,SHOT-ON-TARGET,GOAL,False,GOAL,SHOT-ON-TARGET,goal,shot,8.260845184326172,8.0752592086792
goal_vs_shot,89,OtQpc975,1,IM_2,SHOT-ON-TARGET,SHOT-ON-TARGET,True,GOAL,SHOT-ON-TARGET,goal,shot,9.49718952178955,9.8489408493042
goal_vs_shot,90,4rxwHJn7,2,IM_1,SHOT-ON-TARGET,GOAL,False,GOAL,SHOT-ON-TARGET,goal,shot,10.10447883605957,9.480960845947266
goal_vs_shot,91,4rxwHJn7,2,IM_2,SHOT-ON-TARGET,SHOT-ON-TARGET,True,GOAL,SHOT-ON-TARGET,goal,shot,9.780499458312988,9.924503326416016
goal_vs_shot,92,G6wyC3XE,1,IM_3,SHOT-ON-TARGET,SHOT-ON-TARGET,True,GOAL,SHOT-ON-TARGET,goal,shot,8.766759872436523,9.556190490722656
goal_vs_shot,93,8S0QVm38,2,IM_2,SHOT-ON-TARGET,SHOT-ON-TARGET,True,GOAL,SHOT-ON-TARGET,goal,shot,7.6903581619262695,8.466347694396973
goal_vs_shot,94,UBdITpNb,2,IM_5,SHOT-ON-TARGET,SHOT-ON-TARGET,True,GOAL,SHOT-ON-TARGET,goal,shot,8.574254989624023,8.983464241027832
goal_vs_shot,95,Yo4Xirtq,2,IM_3,SHOT-ON-TARGET,SHOT-ON-TARGET,True,GOAL,SHOT-ON-TARGET,goal,shot,7.79146671295166,8.481793403625488
goal_vs_shot,96,rs1thcel,1,IM_7,SHOT-ON-TARGET,SHOT-ON-TARGET,True,GOAL,SHOT-ON-TARGET,goal,shot,9.616740226745605,10.473281860351562
goal_vs_shot,97,OW4kbPoI,1,IM_3,SHOT-ON-TARGET,SHOT-ON-TARGET,True,GOAL,SHOT-ON-TARGET,goal,shot,9.23216724395752,10.139094352722168
goal_vs_shot,98,G6wyC3XE,2,IM_5,SHOT-ON-TARGET,SHOT-ON-TARGET,True,GOAL,SHOT-ON-TARGET,goal,shot,8.119494438171387,8.547721862792969
goal_vs_shot,99,8S0QVm38,1,IM_6,SHOT-ON-TARGET,SHOT-ON-TARGET,True,GOAL,SHOT-ON-TARGET,goal,shot,8.196703910827637,8.207066535949707
goal_vs_shot,100,reYzH7wg,1,IM_2,SHOT-ON-TARGET,GOAL,False,GOAL,SHOT-ON-TARGET,goal,shot,9.048599243164062,8.776981353759766
goal_vs_shot,101,OW4kbPoI,2,IM_3,SHOT-ON-TARGET,GOAL,False,GOAL,SHOT-ON-TARGET,goal,shot,8.542058944702148,8.433735847473145
goal_vs_shot,102,bZhxz4I5,1,IM_3,SHOT-ON-TARGET,GOAL,False,GOAL,SHOT-ON-TARGET,goal,shot,9.6277437210083,9.585209846496582
goal_vs_shot,125,G6wyC3XE,1,NIM_1,SHOT-ON-TARGET,SHOT-ON-TARGET,True,GOAL,SHOT-ON-TARGET,goal,shot,9.387208938598633,10.491623878479004
goal_vs_shot,126,Q3ZH0ngC,1,NIM_4,SHOT-ON-TARGET,SHOT-ON-TARGET,True,GOAL,SHOT-ON-TARGET,goal,shot,8.440512657165527,10.029579162597656
goal_vs_shot,127,06FNvY2s,2,NIM_2,SHOT-ON-TARGET,SHOT-ON-TARGET,True,GOAL,SHOT-ON-TARGET,goal,shot,9.995491981506348,10.700482368469238
goal_vs_shot,128,8S0QVm38,1,NIM_3,SHOT-ON-TARGET,SHOT-ON-TARGET,True,GOAL,SHOT-ON-TARGET,goal,shot,7.465340614318848,8.942296981811523
goal_vs_shot,129,nwl9maEG,1,NIM_4,SHOT-ON-TARGET,SHOT-ON-TARGET,True,GOAL,SHOT-ON-TARGET,goal,shot,9.489374160766602,10.360877990722656
goal_vs_shot,130,viZQQvS2,1,NIM_9,SHOT-ON-TARGET,SHOT-ON-TARGET,True,GOAL,SHOT-ON-TARGET,goal,shot,8.767483711242676,9.254467010498047
goal_vs_shot,131,IcCSkl6F,1,NIM_1,SHOT-ON-TARGET,SHOT-ON-TARGET,True,GOAL,SHOT-ON-TARGET,goal,shot,9.428092956542969,9.969902038574219
goal_vs_shot,132,8S0QVm38,2,NIM_5,SHOT-ON-TARGET,GOAL,False,GOAL,SHOT-ON-TARGET,goal,shot,9.59885025024414,9.468907356262207
goal_vs_shot,133,63fde7Re,2,NIM_2,SHOT-ON-TARGET,SHOT-ON-TARGET,True,GOAL,SHOT-ON-TARGET,goal,shot,9.178698539733887,9.433757781982422
goal_vs_shot,134,ChTFpiaS,1,NIM_2,SHOT-ON-TARGET,SHOT-ON-TARGET,True,GOAL,SHOT-ON-TARGET,goal,shot,8.615582466125488,9.850765228271484
goal_vs_shot,135,x2i73QnS,1,NIM_2,SHOT-ON-TARGET,SHOT-ON-TARGET,True,GOAL,SHOT-ON-TARGET,goal,shot,8.74010181427002,9.792285919189453
goal_vs_shot,136,ObsVrY4o,2,NIM_2,SHOT-ON-TARGET,SHOT-ON-TARGET,True,GOAL,SHOT-ON-TARGET,goal,shot,8.905506134033203,9.95913314819336
goal_vs_shot,137,MV4UU7IE,2,NIM_5,SHOT-ON-TARGET,GOAL,False,GOAL,SHOT-ON-TARGET,goal,shot,9.930620193481445,9.496337890625
goal_vs_shot,138,W0KvTtjG,1,NIM_3,SHOT-ON-TARGET,SHOT-ON-TARGET,True,GOAL,SHOT-ON-TARGET,goal,shot,8.476678848266602,9.67658805847168
goal_vs_shot,139,xpER1kZQ,1,NIM_5,SHOT-ON-TARGET,GOAL,False,GOAL,SHOT-ON-TARGET,goal,shot,8.593185424804688,8.530445098876953
goal_vs_shot,140,reYzH7wg,2,NIM_5,SHOT-ON-TARGET,SHOT-ON-TARGET,True,GOAL,SHOT-ON-TARGET,goal,shot,8.993943214416504,9.583518981933594
goal_vs_shot,141,OziK3ff0,1,NIM_11,SHOT-ON-TARGET,GOAL,False,GOAL,SHOT-ON-TARGET,goal,shot,9.220423698425293,9.017667770385742
goal_vs_shot,142,bevos1dM,1,NIM_6,SHOT-ON-TARGET,SHOT-ON-TARGET,True,GOAL,SHOT-ON-TARGET,goal,shot,8.914190292358398,9.764784812927246
goal_vs_shot,143,63fde7Re,1,NIM_3,SHOT-ON-TARGET,SHOT-ON-TARGET,True,GOAL,SHOT-ON-TARGET,goal,shot,9.513862609863281,10.114751815795898
goal_vs_shot,144,rs1thcel,2,NIM_7,SHOT-ON-TARGET,SHOT-ON-TARGET,True,GOAL,SHOT-ON-TARGET,goal,shot,9.441649436950684,10.132464408874512
goal_vs_shot,145,EPk1kLq4,1,NIM_5,SHOT-ON-TARGET,SHOT-ON-TARGET,True,GOAL,SHOT-ON-TARGET,goal,shot,8.049513816833496,8.596845626831055
corner_vs_shot,50,Q3ZH0ngC,2,IM_6,CORNER/THROW-IN,CORNER/THROW-IN,True,CORNER/THROW-IN,SHOT-ON-TARGET,corner,shot,9.362651824951172,7.732523441314697
corner_vs_shot,51,E5X6KOII,2,IM_4,CORNER/THROW-IN,CORNER/THROW-IN,True,CORNER/THROW-IN,SHOT-ON-TARGET,corner,shot,9.298605918884277,7.446272850036621
corner_vs_shot,52,ULTDmEW6,2,IM_6,CORNER/THROW-IN,CORNER/THROW-IN,True,CORNER/THROW-IN,SHOT-ON-TARGET,corner,shot,9.934884071350098,7.363914489746094
corner_vs_shot,53,G6wyC3XE,2,IM_1,CORNER/THROW-IN,SHOT-ON-TARGET,False,CORNER/THROW-IN,SHOT-ON-TARGET,corner,shot,7.705778121948242,8.021068572998047
corner_vs_shot,54,bks0kqIh,2,IM_1,CORNER/THROW-IN,CORNER/THROW-IN,True,CORNER/THROW-IN,SHOT-ON-TARGET,corner,shot,9.356646537780762,7.004278659820557
corner_vs_shot,55,tE2Jn2J8,2,IM_1,CORNER/THROW-IN,CORNER/THROW-IN,True,CORNER/THROW-IN,SHOT-ON-TARGET,corner,shot,9.479978561401367,6.56488037109375
corner_vs_shot,56,UcZVYDFH,1,IM_9,CORNER/THROW-IN,CORNER/THROW-IN,True,CORNER/THROW-IN,SHOT-ON-TARGET,corner,shot,9.267354965209961,6.394301414489746
corner_vs_shot,57,6LXKpLWN,2,IM_1,CORNER/THROW-IN,CORNER/THROW-IN,True,CORNER/THROW-IN,SHOT-ON-TARGET,corner,shot,9.758489608764648,7.530608177185059
corner_vs_shot,58,8rg3jFcJ,2,IM_3,CORNER/THROW-IN,CORNER/THROW-IN,True,CORNER/THROW-IN,SHOT-ON-TARGET,corner,shot,8.49130630493164,8.182971954345703
corner_vs_shot,59,IF9NUtVr,1,IM_4,CORNER/THROW-IN,CORNER/THROW-IN,True,CORNER/THROW-IN,SHOT-ON-TARGET,corner,shot,8.577232360839844,6.748763561248779
corner_vs_shot,60,l0uNkr78,2,IM_10,CORNER/THROW-IN,SHOT-ON-TARGET,False,CORNER/THROW-IN,SHOT-ON-TARGET,corner,shot,8.426033973693848,9.635492324829102
corner_vs_shot,61,0rkvoaKm,2,IM_16,CORNER/THROW-IN,CORNER/THROW-IN,True,CORNER/THROW-IN,SHOT-ON-TARGET,corner,shot,8.781167030334473,7.6816301345825195
corner_vs_shot,62,06FNvY2s,2,IM_6,CORNER/THROW-IN,CORNER/THROW-IN,True,CORNER/THROW-IN,SHOT-ON-TARGET,corner,shot,9.562641143798828,6.301570415496826
corner_vs_shot,63,xpER1kZQ,1,IM_5,CORNER/THROW-IN,SHOT-ON-TARGET,False,CORNER/THROW-IN,SHOT-ON-TARGET,corner,shot,9.050797462463379,9.061907768249512
corner_vs_shot,64,6w99xiq5,2,IM_3,CORNER/THROW-IN,SHOT-ON-TARGET,False,CORNER/THROW-IN,SHOT-ON-TARGET,corner,shot,8.045716285705566,8.92645263671875
corner_vs_shot,65,6w99xiq5,1,IM_2,CORNER/THROW-IN,CORNER/THROW-IN,True,CORNER/THROW-IN,SHOT-ON-TARGET,corner,shot,8.82370662689209,7.506594181060791
corner_vs_shot,66,nsbnKlSp,2,IM_3,CORNER/THROW-IN,SHOT-ON-TARGET,False,CORNER/THROW-IN,SHOT-ON-TARGET,corner,shot,7.682388782501221,8.748648643493652
corner_vs_shot,67,p2XBlEqT,2,IM_9,CORNER/THROW-IN,SHOT-ON-TARGET,False,CORNER/THROW-IN,SHOT-ON-TARGET,corner,shot,7.358720779418945,7.903491973876953
corner_vs_shot,68,Q3ZH0ngC,2,IM_7,CORNER/THROW-IN,CORNER/THROW-IN,True,CORNER/THROW-IN,SHOT-ON-TARGET,corner,shot,9.457744598388672,6.406652927398682
corner_vs_shot,69,4rxwHJn7,1,IM_4,CORNER/THROW-IN,CORNER/THROW-IN,True,CORNER/THROW-IN,SHOT-ON-TARGET,corner,shot,8.247103691101074,7.408329010009766
corner_vs_shot,70,pOf6Wnwt,2,IM_10,CORNER/THROW-IN,CORNER/THROW-IN,True,CORNER/THROW-IN,SHOT-ON-TARGET,corner,shot,9.772415161132812,6.809959411621094
corner_vs_shot,71,vXz1jGnl,2,IM_3,CORNER/THROW-IN,CORNER/THROW-IN,True,CORNER/THROW-IN,SHOT-ON-TARGET,corner,shot,7.896475315093994,7.633697986602783
corner_vs_shot,72,xlO2e2Ra,2,IM_6,CORNER/THROW-IN,CORNER/THROW-IN,True,CORNER/THROW-IN,SHOT-ON-TARGET,corner,shot,9.561742782592773,6.871400356292725
corner_vs_shot,73,06FNvY2s,2,IM_1,CORNER/THROW-IN,CORNER/THROW-IN,True,CORNER/THROW-IN,SHOT-ON-TARGET,corner,shot,8.328971862792969,8.160645484924316
corner_vs_shot,74,r9gYBR53,2,IM_4,CORNER/THROW-IN,CORNER/THROW-IN,True,CORNER/THROW-IN,SHOT-ON-TARGET,corner,shot,9.614609718322754,7.379331588745117
corner_vs_shot,75,xx6GTsEM,1,IM_1,SHOT-ON-TARGET,SHOT-ON-TARGET,True,CORNER/THROW-IN,SHOT-ON-TARGET,corner,shot,7.315213680267334,7.833590984344482
corner_vs_shot,76,pl6mcTdq,1,IM_2,SHOT-ON-TARGET,SHOT-ON-TARGET,True,CORNER/THROW-IN,SHOT-ON-TARGET,corner,shot,7.91794490814209,8.914325714111328
corner_vs_shot,77,OtQpc975,1,IM_3,SHOT-ON-TARGET,CORNER/THROW-IN,False,CORNER/THROW-IN,SHOT-ON-TARGET,corner,shot,8.736437797546387,8.184659957885742
corner_vs_shot,78,ChTFpiaS,2,IM_7,SHOT-ON-TARGET,CORNER/THROW-IN,False,CORNER/THROW-IN,SHOT-ON-TARGET,corner,shot,8.640244483947754,8.056809425354004
corner_vs_shot,79,x2i73QnS,2,IM_5,SHOT-ON-TARGET,SHOT-ON-TARGET,True,CORNER/THROW-IN,SHOT-ON-TARGET,corner,shot,8.732877731323242,9.450774192810059
corner_vs_shot,80,UcZVYDFH,1,IM_15,SHOT-ON-TARGET,SHOT-ON-TARGET,True,CORNER/THROW-IN,SHOT-ON-TARGET,corner,shot,8.493478775024414,8.830350875854492
corner_vs_shot,81,UBdITpNb,2,IM_6,SHOT-ON-TARGET,SHOT-ON-TARGET,True,CORNER/THROW-IN,SHOT-ON-TARGET,corner,shot,8.42396354675293,10.006063461303711
corner_vs_shot,82,G6wyC3XE,2,IM_4,SHOT-ON-TARGET,SHOT-ON-TARGET,True,CORNER/THROW-IN,SHOT-ON-TARGET,corner,shot,8.22732925415039,8.446625709533691
corner_vs_shot,83,ABcIbvu8,2,IM_1,SHOT-ON-TARGET,SHOT-ON-TARGET,True,CORNER/THROW-IN,SHOT-ON-TARGET,corner,shot,8.160512924194336,8.30109977722168
corner_vs_shot,84,x2i73QnS,2,IM_4,SHOT-ON-TARGET,SHOT-ON-TARGET,True,CORNER/THROW-IN,SHOT-ON-TARGET,corner,shot,8.468440055847168,8.81023120880127
corner_vs_shot,85,vXz1jGnl,2,IM_2,SHOT-ON-TARGET,CORNER/THROW-IN,False,CORNER/THROW-IN,SHOT-ON-TARGET,corner,shot,8.566916465759277,6.339424133300781
corner_vs_shot,86,OtQpc975,2,IM_9,SHOT-ON-TARGET,SHOT-ON-TARGET,True,CORNER/THROW-IN,SHOT-ON-TARGET,corner,shot,9.069340705871582,9.924874305725098
corner_vs_shot,87,OtQpc975,1,IM_6,SHOT-ON-TARGET,SHOT-ON-TARGET,True,CORNER/THROW-IN,SHOT-ON-TARGET,corner,shot,8.193672180175781,8.947482109069824
corner_vs_shot,88,8S0QVm38,1,IM_2,SHOT-ON-TARGET,CORNER/THROW-IN,False,CORNER/THROW-IN,SHOT-ON-TARGET,corner,shot,8.178955078125,7.659928321838379
corner_vs_shot,89,OtQpc975,1,IM_2,SHOT-ON-TARGET,CORNER/THROW-IN,False,CORNER/THROW-IN,SHOT-ON-TARGET,corner,shot,8.772252082824707,8.1310453414917
corner_vs_shot,90,4rxwHJn7,2,IM_1,SHOT-ON-TARGET,CORNER/THROW-IN,False,CORNER/THROW-IN,SHOT-ON-TARGET,corner,shot,8.517821311950684,8.027631759643555
corner_vs_shot,91,4rxwHJn7,2,IM_2,SHOT-ON-TARGET,SHOT-ON-TARGET,True,CORNER/THROW-IN,SHOT-ON-TARGET,corner,shot,8.335329055786133,8.973930358886719
corner_vs_shot,92,G6wyC3XE,1,IM_3,SHOT-ON-TARGET,SHOT-ON-TARGET,True,CORNER/THROW-IN,SHOT-ON-TARGET,corner,shot,8.08769702911377,8.721573829650879
corner_vs_shot,93,8S0QVm38,2,IM_2,SHOT-ON-TARGET,SHOT-ON-TARGET,True,CORNER/THROW-IN,SHOT-ON-TARGET,corner,shot,8.225831985473633,8.446516990661621
corner_vs_shot,94,UBdITpNb,2,IM_5,SHOT-ON-TARGET,SHOT-ON-TARGET,True,CORNER/THROW-IN,SHOT-ON-TARGET,corner,shot,7.714527130126953,7.964117527008057
corner_vs_shot,95,Yo4Xirtq,2,IM_3,SHOT-ON-TARGET,SHOT-ON-TARGET,True,CORNER/THROW-IN,SHOT-ON-TARGET,corner,shot,7.395542621612549,7.972535610198975
corner_vs_shot,96,rs1thcel,1,IM_7,SHOT-ON-TARGET,SHOT-ON-TARGET,True,CORNER/THROW-IN,SHOT-ON-TARGET,corner,shot,8.587884902954102,9.916560173034668
corner_vs_shot,97,OW4kbPoI,1,IM_3,SHOT-ON-TARGET,SHOT-ON-TARGET,True,CORNER/THROW-IN,SHOT-ON-TARGET,corner,shot,8.403560638427734,9.249135971069336
corner_vs_shot,98,G6wyC3XE,2,IM_5,SHOT-ON-TARGET,SHOT-ON-TARGET,True,CORNER/THROW-IN,SHOT-ON-TARGET,corner,shot,7.763413906097412,7.910247325897217
corner_vs_shot,99,8S0QVm38,1,IM_6,SHOT-ON-TARGET,CORNER/THROW-IN,False,CORNER/THROW-IN,SHOT-ON-TARGET,corner,shot,7.777726173400879,6.744531631469727
corner_vs_shot,100,reYzH7wg,1,IM_2,SHOT-ON-TARGET,CORNER/THROW-IN,False,CORNER/THROW-IN,SHOT-ON-TARGET,corner,shot,7.824985027313232,7.441627025604248
corner_vs_shot,101,OW4kbPoI,2,IM_3,SHOT-ON-TARGET,CORNER/THROW-IN,False,CORNER/THROW-IN,SHOT-ON-TARGET,corner,shot,7.854457855224609,7.662622451782227
corner_vs_shot,102,bZhxz4I5,1,IM_3,SHOT-ON-TARGET,SHOT-ON-TARGET,True,CORNER/THROW-IN,SHOT-ON-TARGET,corner,shot,7.913024425506592,9.12570571899414
corner_vs_shot,103,G6wyC3XE,2,NIM_2,CORNER/THROW-IN,CORNER/THROW-IN,True,CORNER/THROW-IN,SHOT-ON-TARGET,corner,shot,8.596364974975586,7.868228435516357
corner_vs_shot,104,0jJj5Mme,2,NIM_9,CORNER/THROW-IN,SHOT-ON-TARGET,False,CORNER/THROW-IN,SHOT-ON-TARGET,corner,shot,7.517652988433838,7.905405521392822
corner_vs_shot,105,W0KvTtjG,1,NIM_7,CORNER/THROW-IN,SHOT-ON-TARGET,False,CORNER/THROW-IN,SHOT-ON-TARGET,corner,shot,8.835800170898438,8.839755058288574
corner_vs_shot,106,xpER1kZQ,2,NIM_10,CORNER/THROW-IN,CORNER/THROW-IN,True,CORNER/THROW-IN,SHOT-ON-TARGET,corner,shot,8.094264030456543,8.038359642028809
corner_vs_shot,107,EPk1kLq4,2,NIM_1,CORNER/THROW-IN,CORNER/THROW-IN,True,CORNER/THROW-IN,SHOT-ON-TARGET,corner,shot,9.699892044067383,6.105887413024902
corner_vs_shot,108,rs1thcel,2,NIM_4,CORNER/THROW-IN,CORNER/THROW-IN,True,CORNER/THROW-IN,SHOT-ON-TARGET,corner,shot,9.751463890075684,6.907015800476074
corner_vs_shot,109,vVcWSKae,2,NIM_4,CORNER/THROW-IN,CORNER/THROW-IN,True,CORNER/THROW-IN,SHOT-ON-TARGET,corner,shot,8.856825828552246,8.078021049499512
corner_vs_shot,110,KMdvNjmo,1,NIM_5,CORNER/THROW-IN,SHOT-ON-TARGET,False,CORNER/THROW-IN,SHOT-ON-TARGET,corner,shot,8.131059646606445,8.595100402832031
corner_vs_shot,111,OtQpc975,1,NIM_7,CORNER/THROW-IN,SHOT-ON-TARGET,False,CORNER/THROW-IN,SHOT-ON-TARGET,corner,shot,7.8441996574401855,8.533978462219238
corner_vs_shot,112,KMdvNjmo,1,NIM_6,CORNER/THROW-IN,SHOT-ON-TARGET,False,CORNER/THROW-IN,SHOT-ON-TARGET,corner,shot,7.563858985900879,8.194737434387207
corner_vs_shot,113,6uUbMpl6,2,NIM_2,CORNER/THROW-IN,SHOT-ON-TARGET,False,CORNER/THROW-IN,SHOT-ON-TARGET,corner,shot,7.638067245483398,8.01496696472168
corner_vs_shot,114,OtQpc975,1,NIM_6,CORNER/THROW-IN,SHOT-ON-TARGET,False,CORNER/THROW-IN,SHOT-ON-TARGET,corner,shot,8.415584564208984,9.270813941955566
corner_vs_shot,115,tE2Jn2J8,2,NIM_14,CORNER/THROW-IN,CORNER/THROW-IN,True,CORNER/THROW-IN,SHOT-ON-TARGET,corner,shot,9.373274803161621,8.22394847869873
corner_vs_shot,116,ULTDmEW6,2,NIM_1,CORNER/THROW-IN,CORNER/THROW-IN,True,CORNER/THROW-IN,SHOT-ON-TARGET,corner,shot,9.915850639343262,6.148746013641357
corner_vs_shot,117,pOf6Wnwt,2,NIM_13,CORNER/THROW-IN,CORNER/THROW-IN,True,CORNER/THROW-IN,SHOT-ON-TARGET,corner,shot,8.619293212890625,8.216886520385742
corner_vs_shot,118,Yo4Xirtq,2,NIM_9,CORNER/THROW-IN,CORNER/THROW-IN,True,CORNER/THROW-IN,SHOT-ON-TARGET,corner,shot,9.307621002197266,5.892131805419922
corner_vs_shot,119,06FNvY2s,2,NIM_8,CORNER/THROW-IN,SHOT-ON-TARGET,False,CORNER/THROW-IN,SHOT-ON-TARGET,corner,shot,8.456978797912598,9.484101295471191
corner_vs_shot,120,pU7DyBbB,2,NIM_9,CORNER/THROW-IN,SHOT-ON-TARGET,False,CORNER/THROW-IN,SHOT-ON-TARGET,corner,shot,8.749974250793457,9.013745307922363
corner_vs_shot,121,bBW7eQ6s,2,NIM_2,CORNER/THROW-IN,SHOT-ON-TARGET,False,CORNER/THROW-IN,SHOT-ON-TARGET,corner,shot,7.783733367919922,8.209885597229004
corner_vs_shot,122,W0KvTtjG,1,NIM_6,CORNER/THROW-IN,SHOT-ON-TARGET,False,CORNER/THROW-IN,SHOT-ON-TARGET,corner,shot,8.204023361206055,8.858449935913086
corner_vs_shot,123,OtQpc975,2,NIM_1,CORNER/THROW-IN,SHOT-ON-TARGET,False,CORNER/THROW-IN,SHOT-ON-TARGET,corner,shot,8.03213119506836,9.294258117675781
corner_vs_shot,124,r9gYBR53,2,NIM_9,CORNER/THROW-IN,CORNER/THROW-IN,True,CORNER/THROW-IN,SHOT-ON-TARGET,corner,shot,8.689574241638184,5.592243194580078
corner_vs_shot,125,G6wyC3XE,1,NIM_1,SHOT-ON-TARGET,SHOT-ON-TARGET,True,CORNER/THROW-IN,SHOT-ON-TARGET,corner,shot,8.190190315246582,9.575078964233398
corner_vs_shot,126,Q3ZH0ngC,1,NIM_4,SHOT-ON-TARGET,SHOT-ON-TARGET,True,CORNER/THROW-IN,SHOT-ON-TARGET,corner,shot,7.139199256896973,9.273233413696289
corner_vs_shot,127,06FNvY2s,2,NIM_2,SHOT-ON-TARGET,CORNER/THROW-IN,False,CORNER/THROW-IN,SHOT-ON-TARGET,corner,shot,9.745219230651855,9.599709510803223
corner_vs_shot,128,8S0QVm38,1,NIM_3,SHOT-ON-TARGET,SHOT-ON-TARGET,True,CORNER/THROW-IN,SHOT-ON-TARGET,corner,shot,7.426811218261719,8.121149063110352
corner_vs_shot,129,nwl9maEG,1,NIM_4,SHOT-ON-TARGET,SHOT-ON-TARGET,True,CORNER/THROW-IN,SHOT-ON-TARGET,corner,shot,8.945557594299316,9.204574584960938
corner_vs_shot,130,viZQQvS2,1,NIM_9,SHOT-ON-TARGET,SHOT-ON-TARGET,True,CORNER/THROW-IN,SHOT-ON-TARGET,corner,shot,7.993879318237305,8.563061714172363
corner_vs_shot,131,IcCSkl6F,1,NIM_1,SHOT-ON-TARGET,SHOT-ON-TARGET,True,CORNER/THROW-IN,SHOT-ON-TARGET,corner,shot,7.775544166564941,9.665095329284668
corner_vs_shot,132,8S0QVm38,2,NIM_5,SHOT-ON-TARGET,CORNER/THROW-IN,False,CORNER/THROW-IN,SHOT-ON-TARGET,corner,shot,8.713265419006348,7.782279014587402
corner_vs_shot,133,63fde7Re,2,NIM_2,SHOT-ON-TARGET,SHOT-ON-TARGET,True,CORNER/THROW-IN,SHOT-ON-TARGET,corner,shot,8.223727226257324,8.325479507446289
corner_vs_shot,134,ChTFpiaS,1,NIM_2,SHOT-ON-TARGET,SHOT-ON-TARGET,True,CORNER/THROW-IN,SHOT-ON-TARGET,corner,shot,8.09296989440918,8.555338859558105
corner_vs_shot,135,x2i73QnS,1,NIM_2,SHOT-ON-TARGET,SHOT-ON-TARGET,True,CORNER/THROW-IN,SHOT-ON-TARGET,corner,shot,8.238706588745117,8.685151100158691
corner_vs_shot,136,ObsVrY4o,2,NIM_2,SHOT-ON-TARGET,SHOT-ON-TARGET,True,CORNER/THROW-IN,SHOT-ON-TARGET,corner,shot,8.4325590133667,9.306327819824219
corner_vs_shot,137,MV4UU7IE,2,NIM_5,SHOT-ON-TARGET,SHOT-ON-TARGET,True,CORNER/THROW-IN,SHOT-ON-TARGET,corner,shot,8.407878875732422,8.503890037536621
corner_vs_shot,138,W0KvTtjG,1,NIM_3,SHOT-ON-TARGET,SHOT-ON-TARGET,True,CORNER/THROW-IN,SHOT-ON-TARGET,corner,shot,7.802727699279785,8.932734489440918
corner_vs_shot,139,xpER1kZQ,1,NIM_5,SHOT-ON-TARGET,SHOT-ON-TARGET,True,CORNER/THROW-IN,SHOT-ON-TARGET,corner,shot,9.113847732543945,9.15861701965332
corner_vs_shot,140,reYzH7wg,2,NIM_5,SHOT-ON-TARGET,SHOT-ON-TARGET,True,CORNER/THROW-IN,SHOT-ON-TARGET,corner,shot,8.4384765625,8.828896522521973
corner_vs_shot,141,OziK3ff0,1,NIM_11,SHOT-ON-TARGET,CORNER/THROW-IN,False,CORNER/THROW-IN,SHOT-ON-TARGET,corner,shot,7.849391937255859,7.65412712097168
corner_vs_shot,142,bevos1dM,1,NIM_6,SHOT-ON-TARGET,SHOT-ON-TARGET,True,CORNER/THROW-IN,SHOT-ON-TARGET,corner,shot,8.099726676940918,9.100460052490234
corner_vs_shot,143,63fde7Re,1,NIM_3,SHOT-ON-TARGET,SHOT-ON-TARGET,True,CORNER/THROW-IN,SHOT-ON-TARGET,corner,shot,8.485758781433105,8.694610595703125
corner_vs_shot,144,rs1thcel,2,NIM_7,SHOT-ON-TARGET,SHOT-ON-TARGET,True,CORNER/THROW-IN,SHOT-ON-TARGET,corner,shot,8.961641311645508,9.172411918640137
corner_vs_shot,145,EPk1kLq4,1,NIM_5,SHOT-ON-TARGET,SHOT-ON-TARGET,True,CORNER/THROW-IN,SHOT-ON-TARGET,corner,shot,7.1628217697143555,7.314566135406494
